Estado;CodigoCatalogo;Marca;Imagen;HojaExcel;FilasExcel;NombreReferencia
LISTO;02215;Sistelectric;catalogador-v2-ef7aa188940b9c2c.jpg;SISTELECTRIC;E157:E158;caja estándar
LISTO;02215HDX;Sistelectric;catalogador-v2-ef7aa188940b9c2c.jpg;SISTELECTRIC;E38:E39;caja hdx
LISTO;02216;Sistelectric;catalogador-v2-ef7aa188940b9c2c.jpg;SISTELECTRIC;E157:E158;caja estándar
LISTO;02216HDX;Sistelectric;catalogador-v2-ef7aa188940b9c2c.jpg;SISTELECTRIC;E38:E39;caja hdx
LISTO;02220;Sistelectric;catalogador-v2-415691aeb7a9fd9d.jpg;SISTELECTRIC;E150:E154;caja estándar
LISTO;02220HDX;Sistelectric;catalogador-v2-415691aeb7a9fd9d.jpg;SISTELECTRIC;E32:E36;caja hdx
LISTO;02221;Sistelectric;catalogador-v2-415691aeb7a9fd9d.jpg;SISTELECTRIC;E150:E154;caja estándar
LISTO;02221HDX;Sistelectric;catalogador-v2-415691aeb7a9fd9d.jpg;SISTELECTRIC;E32:E36;caja hdx
LISTO;02222;Sistelectric;catalogador-v2-415691aeb7a9fd9d.jpg;SISTELECTRIC;E150:E154;caja estándar
LISTO;02222HDX;Sistelectric;catalogador-v2-415691aeb7a9fd9d.jpg;SISTELECTRIC;E32:E36;caja hdx
LISTO;02223;Sistelectric;catalogador-v2-415691aeb7a9fd9d.jpg;SISTELECTRIC;E150:E154;caja estándar
LISTO;02223HDX;Sistelectric;catalogador-v2-415691aeb7a9fd9d.jpg;SISTELECTRIC;E32:E36;caja hdx
LISTO;02224;Sistelectric;catalogador-v2-415691aeb7a9fd9d.jpg;SISTELECTRIC;E150:E154;caja estándar
LISTO;02224HDX;Sistelectric;catalogador-v2-415691aeb7a9fd9d.jpg;SISTELECTRIC;E32:E36;caja hdx
LISTO;04004;Sistelectric;catalogador-v2-0036d0ae81f475d9.jpg;SISTELECTRIC;E220:E233;caja din embutir
LISTO;04008;Sistelectric;catalogador-v2-0036d0ae81f475d9.jpg;SISTELECTRIC;E220:E233;caja din embutir
LISTO;04012;Sistelectric;catalogador-v2-0036d0ae81f475d9.jpg;SISTELECTRIC;E220:E233;caja din embutir
LISTO;04016;Sistelectric;catalogador-v2-0036d0ae81f475d9.jpg;SISTELECTRIC;E220:E233;caja din embutir
LISTO;04024;Sistelectric;catalogador-v2-0036d0ae81f475d9.jpg;SISTELECTRIC;E220:E233;caja din embutir
LISTO;04036;Sistelectric;catalogador-v2-0036d0ae81f475d9.jpg;SISTELECTRIC;E220:E233;caja din embutir
LISTO;04048;Sistelectric;catalogador-v2-0036d0ae81f475d9.jpg;SISTELECTRIC;E220:E233;caja din embutir
LISTO;04104;Sistelectric;catalogador-v2-0036d0ae81f475d9.jpg;SISTELECTRIC;E220:E233;caja din embutir
LISTO;04108;Sistelectric;catalogador-v2-0036d0ae81f475d9.jpg;SISTELECTRIC;E220:E233;caja din embutir
LISTO;04112;Sistelectric;catalogador-v2-0036d0ae81f475d9.jpg;SISTELECTRIC;E220:E233;caja din embutir
LISTO;04116;Sistelectric;catalogador-v2-0036d0ae81f475d9.jpg;SISTELECTRIC;E220:E233;caja din embutir
LISTO;04124;Sistelectric;catalogador-v2-0036d0ae81f475d9.jpg;SISTELECTRIC;E220:E233;caja din embutir
LISTO;04136;Sistelectric;catalogador-v2-0036d0ae81f475d9.jpg;SISTELECTRIC;E220:E233;caja din embutir
LISTO;04148;Sistelectric;catalogador-v2-0036d0ae81f475d9.jpg;SISTELECTRIC;E220:E233;caja din embutir
LISTO;04504;Sistelectric;catalogador-v2-e2309aace1b35f9f.png;SISTELECTRIC;E204:E217;caja din sobreponer
LISTO;04508;Sistelectric;catalogador-v2-e2309aace1b35f9f.png;SISTELECTRIC;E204:E217;caja din sobreponer
LISTO;04512;Sistelectric;catalogador-v2-e2309aace1b35f9f.png;SISTELECTRIC;E204:E217;caja din sobreponer
LISTO;04516;Sistelectric;catalogador-v2-e2309aace1b35f9f.png;SISTELECTRIC;E204:E217;caja din sobreponer
LISTO;04524;Sistelectric;catalogador-v2-e2309aace1b35f9f.png;SISTELECTRIC;E204:E217;caja din sobreponer
LISTO;04536;Sistelectric;catalogador-v2-e2309aace1b35f9f.png;SISTELECTRIC;E204:E217;caja din sobreponer
LISTO;04548;Sistelectric;catalogador-v2-e2309aace1b35f9f.png;SISTELECTRIC;E204:E217;caja din sobreponer
LISTO;04604;Sistelectric;catalogador-v2-e2309aace1b35f9f.png;SISTELECTRIC;E204:E217;caja din sobreponer
LISTO;04608;Sistelectric;catalogador-v2-e2309aace1b35f9f.png;SISTELECTRIC;E204:E217;caja din sobreponer
LISTO;04612;Sistelectric;catalogador-v2-e2309aace1b35f9f.png;SISTELECTRIC;E204:E217;caja din sobreponer
LISTO;04616;Sistelectric;catalogador-v2-e2309aace1b35f9f.png;SISTELECTRIC;E204:E217;caja din sobreponer
LISTO;04624;Sistelectric;catalogador-v2-e2309aace1b35f9f.png;SISTELECTRIC;E204:E217;caja din sobreponer
LISTO;04636;Sistelectric;catalogador-v2-e2309aace1b35f9f.png;SISTELECTRIC;E204:E217;caja din sobreponer
LISTO;04648;Sistelectric;catalogador-v2-e2309aace1b35f9f.png;SISTELECTRIC;E204:E217;caja din sobreponer
LISTO;06090905;Sistelectric;catalogador-v2-582a3ef524cd91a3.jpg;SISTELECTRIC;E161:E183;caja estanca estándar
LISTO;06090905HDX;Sistelectric;catalogador-v2-582a3ef524cd91a3.jpg;SISTELECTRIC;E41:E63;caja hdx
LISTO;06090907;Sistelectric;catalogador-v2-582a3ef524cd91a3.jpg;SISTELECTRIC;E161:E183;caja estanca estándar
LISTO;06090907HDX;Sistelectric;catalogador-v2-582a3ef524cd91a3.jpg;SISTELECTRIC;E41:E63;caja hdx
LISTO;06111106;Sistelectric;catalogador-v2-582a3ef524cd91a3.jpg;SISTELECTRIC;E161:E183;caja estanca estándar
LISTO;06111106HDX;Sistelectric;catalogador-v2-582a3ef524cd91a3.jpg;SISTELECTRIC;E41:E63;caja hdx
LISTO;06111108;Sistelectric;catalogador-v2-582a3ef524cd91a3.jpg;SISTELECTRIC;E161:E183;caja estanca estándar
LISTO;06111108HDX;Sistelectric;catalogador-v2-582a3ef524cd91a3.jpg;SISTELECTRIC;E41:E63;caja hdx
LISTO;06111111;Sistelectric;catalogador-v2-582a3ef524cd91a3.jpg;SISTELECTRIC;E161:E183;caja estanca estándar
LISTO;06111111HDX;Sistelectric;catalogador-v2-582a3ef524cd91a3.jpg;SISTELECTRIC;E41:E63;caja hdx
LISTO;06111606;Sistelectric;catalogador-v2-582a3ef524cd91a3.jpg;SISTELECTRIC;E161:E183;caja estanca estándar
LISTO;06111606HDX;Sistelectric;catalogador-v2-582a3ef524cd91a3.jpg;SISTELECTRIC;E41:E63;caja hdx
LISTO;06111608;Sistelectric;catalogador-v2-582a3ef524cd91a3.jpg;SISTELECTRIC;E161:E183;caja estanca estándar
LISTO;06111608BT;Sistelectric;catalogador-v2-28bc613df238018c.png;SISTELECTRIC;E186:E201;caja estanca tapa transparente
LISTO;06111608GT;Sistelectric;catalogador-v2-28bc613df238018c.png;SISTELECTRIC;E186:E201;caja estanca tapa transparente
LISTO;06111608HDX;Sistelectric;catalogador-v2-582a3ef524cd91a3.jpg;SISTELECTRIC;E41:E63;caja hdx
LISTO;06111611;Sistelectric;catalogador-v2-582a3ef524cd91a3.jpg;SISTELECTRIC;E161:E183;caja estanca estándar
LISTO;06111611BT;Sistelectric;catalogador-v2-28bc613df238018c.png;SISTELECTRIC;E186:E201;caja estanca tapa transparente
LISTO;06111611GT;Sistelectric;catalogador-v2-28bc613df238018c.png;SISTELECTRIC;E186:E201;caja estanca tapa transparente
LISTO;06111611HDX;Sistelectric;catalogador-v2-582a3ef524cd91a3.jpg;SISTELECTRIC;E41:E63;caja hdx
LISTO;06161606;Sistelectric;catalogador-v2-582a3ef524cd91a3.jpg;SISTELECTRIC;E161:E183;caja estanca estándar
LISTO;06161606HDX;Sistelectric;catalogador-v2-582a3ef524cd91a3.jpg;SISTELECTRIC;E41:E63;caja hdx
LISTO;06161608;Sistelectric;catalogador-v2-582a3ef524cd91a3.jpg;SISTELECTRIC;E161:E183;caja estanca estándar
LISTO;06161608BT;Sistelectric;catalogador-v2-28bc613df238018c.png;SISTELECTRIC;E186:E201;caja estanca tapa transparente
LISTO;06161608GT;Sistelectric;catalogador-v2-28bc613df238018c.png;SISTELECTRIC;E186:E201;caja estanca tapa transparente
LISTO;06161608HDX;Sistelectric;catalogador-v2-582a3ef524cd91a3.jpg;SISTELECTRIC;E41:E63;caja hdx
LISTO;06161611;Sistelectric;catalogador-v2-582a3ef524cd91a3.jpg;SISTELECTRIC;E161:E183;caja estanca estándar
LISTO;06161611BT;Sistelectric;catalogador-v2-28bc613df238018c.png;SISTELECTRIC;E186:E201;caja estanca tapa transparente
LISTO;06161611GT;Sistelectric;catalogador-v2-28bc613df238018c.png;SISTELECTRIC;E186:E201;caja estanca tapa transparente
LISTO;06161611HDX;Sistelectric;catalogador-v2-582a3ef524cd91a3.jpg;SISTELECTRIC;E41:E63;caja hdx
LISTO;06162106;Sistelectric;catalogador-v2-582a3ef524cd91a3.jpg;SISTELECTRIC;E161:E183;caja estanca estándar
LISTO;06162106HDX;Sistelectric;catalogador-v2-582a3ef524cd91a3.jpg;SISTELECTRIC;E41:E63;caja hdx
LISTO;06162108;Sistelectric;catalogador-v2-582a3ef524cd91a3.jpg;SISTELECTRIC;E161:E183;caja estanca estándar
LISTO;06162108HDX;Sistelectric;catalogador-v2-582a3ef524cd91a3.jpg;SISTELECTRIC;E41:E63;caja hdx
LISTO;06162111;Sistelectric;catalogador-v2-582a3ef524cd91a3.jpg;SISTELECTRIC;E161:E183;caja estanca estándar
LISTO;06162111BT;Sistelectric;catalogador-v2-28bc613df238018c.png;SISTELECTRIC;E186:E201;caja estanca tapa transparente
LISTO;06162111GT;Sistelectric;catalogador-v2-28bc613df238018c.png;SISTELECTRIC;E186:E201;caja estanca tapa transparente
LISTO;06162111HDX;Sistelectric;catalogador-v2-582a3ef524cd91a3.jpg;SISTELECTRIC;E41:E63;caja hdx
LISTO;06212111;Sistelectric;catalogador-v2-582a3ef524cd91a3.jpg;SISTELECTRIC;E161:E183;caja estanca estándar
LISTO;06212111BT;Sistelectric;catalogador-v2-28bc613df238018c.png;SISTELECTRIC;E186:E201;caja estanca tapa transparente
LISTO;06212111GT;Sistelectric;catalogador-v2-28bc613df238018c.png;SISTELECTRIC;E186:E201;caja estanca tapa transparente
LISTO;06212111HDX;Sistelectric;catalogador-v2-582a3ef524cd91a3.jpg;SISTELECTRIC;E41:E63;caja hdx
LISTO;06212113;Sistelectric;catalogador-v2-582a3ef524cd91a3.jpg;SISTELECTRIC;E161:E183;caja estanca estándar
LISTO;06212113BT;Sistelectric;catalogador-v2-28bc613df238018c.png;SISTELECTRIC;E186:E201;caja estanca tapa transparente
LISTO;06212113GT;Sistelectric;catalogador-v2-28bc613df238018c.png;SISTELECTRIC;E186:E201;caja estanca tapa transparente
LISTO;06212113HDX;Sistelectric;catalogador-v2-582a3ef524cd91a3.jpg;SISTELECTRIC;E41:E63;caja hdx
LISTO;06212116;Sistelectric;catalogador-v2-582a3ef524cd91a3.jpg;SISTELECTRIC;E161:E183;caja estanca estándar
LISTO;06212116BT;Sistelectric;catalogador-v2-28bc613df238018c.png;SISTELECTRIC;E186:E201;caja estanca tapa transparente
LISTO;06212116GT;Sistelectric;catalogador-v2-28bc613df238018c.png;SISTELECTRIC;E186:E201;caja estanca tapa transparente
LISTO;06212116HDX;Sistelectric;catalogador-v2-582a3ef524cd91a3.jpg;SISTELECTRIC;E41:E63;caja hdx
LISTO;06213111;Sistelectric;catalogador-v2-582a3ef524cd91a3.jpg;SISTELECTRIC;E161:E183;caja estanca estándar
LISTO;06213111HDX;Sistelectric;catalogador-v2-582a3ef524cd91a3.jpg;SISTELECTRIC;E41:E63;caja hdx
LISTO;06213113;Sistelectric;catalogador-v2-582a3ef524cd91a3.jpg;SISTELECTRIC;E161:E183;caja estanca estándar
LISTO;06213113HDX;Sistelectric;catalogador-v2-582a3ef524cd91a3.jpg;SISTELECTRIC;E41:E63;caja hdx
LISTO;06213116;Sistelectric;catalogador-v2-582a3ef524cd91a3.jpg;SISTELECTRIC;E161:E183;caja estanca estándar
LISTO;06213116HDX;Sistelectric;catalogador-v2-582a3ef524cd91a3.jpg;SISTELECTRIC;E41:E63;caja hdx
LISTO;06313111;Sistelectric;catalogador-v2-582a3ef524cd91a3.jpg;SISTELECTRIC;E161:E183;caja estanca estándar
LISTO;06313111HDX;Sistelectric;catalogador-v2-582a3ef524cd91a3.jpg;SISTELECTRIC;E41:E63;caja hdx
LISTO;06313113;Sistelectric;catalogador-v2-582a3ef524cd91a3.jpg;SISTELECTRIC;E161:E183;caja estanca estándar
LISTO;06313113HDX;Sistelectric;catalogador-v2-582a3ef524cd91a3.jpg;SISTELECTRIC;E41:E63;caja hdx
LISTO;06313116;Sistelectric;catalogador-v2-582a3ef524cd91a3.jpg;SISTELECTRIC;E161:E183;caja estanca estándar
LISTO;06313116HDX;Sistelectric;catalogador-v2-582a3ef524cd91a3.jpg;SISTELECTRIC;E41:E63;caja hdx
LISTO;817001;Zoloda;catalogador-v2-f2458cd34b6df4b2.png;ZOLODA Borneras;E71:E75;peine de conexión
LISTO;817002;Zoloda;catalogador-v2-f2458cd34b6df4b2.png;ZOLODA Borneras;E71:E75;peine de conexión
LISTO;817003;Zoloda;catalogador-v2-f2458cd34b6df4b2.png;ZOLODA Borneras;E71:E75;peine de conexión
LISTO;817004;Zoloda;catalogador-v2-f2458cd34b6df4b2.png;ZOLODA Borneras;E71:E75;peine de conexión
LISTO;817005;Zoloda;catalogador-v2-f2458cd34b6df4b2.png;ZOLODA Borneras;E71:E75;peine de conexión
LISTO;AD-060-20-TP-BL;Zoloda;catalogador-v2-88885e484388a80b.png;ZOLODA Cablecanal;E4:E10;accesorio ckd
LISTO;AD-080-25;Zoloda;catalogador-v2-88885e484388a80b.png;ZOLODA Cablecanal;E12:E21;accesorio ckd
AMBIGUO;AD-100-50-TP-BL;Zoloda;catalogador-v2-38d0178fa7067b22.png;ZOLODA Cablecanal;F16:G42;accesorio ckd
AMBIGUO;AD-100-50-TP-BL;Zoloda;catalogador-v2-88885e484388a80b.png;ZOLODA Cablecanal;E23:E34;accesorio ckd
LISTO;AM 034 012;DAISA;catalogador-v2-0091103b67691d17.jpg;DAISA;E212:E217;adaptador
LISTO;AM 078 034;DAISA;catalogador-v2-0091103b67691d17.jpg;DAISA;E212:E217;adaptador
LISTO;AM 100 034;DAISA;catalogador-v2-0091103b67691d17.jpg;DAISA;E212:E217;adaptador
LISTO;AM 110 100;DAISA;catalogador-v2-0091103b67691d17.jpg;DAISA;E212:E217;adaptador
LISTO;AM 112 100;DAISA;catalogador-v2-0091103b67691d17.jpg;DAISA;E212:E217;adaptador
LISTO;AM 200 112;DAISA;catalogador-v2-0091103b67691d17.jpg;DAISA;E212:E217;adaptador
LISTO;AM130;ELECE;catalogador-v2-b4aaff10823f0c4f.png;ELECE;E186:E192;mensula reforzada
LISTO;AM180;ELECE;catalogador-v2-b4aaff10823f0c4f.png;ELECE;E186:E192;mensula reforzada
LISTO;AM230;ELECE;catalogador-v2-b4aaff10823f0c4f.png;ELECE;E186:E192;mensula reforzada
LISTO;AM330;ELECE;catalogador-v2-b4aaff10823f0c4f.png;ELECE;E186:E192;mensula reforzada
LISTO;AM480;ELECE;catalogador-v2-b4aaff10823f0c4f.png;ELECE;E186:E192;mensula reforzada
LISTO;AM630;ELECE;catalogador-v2-b4aaff10823f0c4f.png;ELECE;E186:E192;mensula reforzada
AMBIGUO;AM80;ELECE;catalogador-v2-6e0a788f5d6a865b.png;ELECE;G181:G186;mensula reforzada
AMBIGUO;AM80;ELECE;catalogador-v2-b4aaff10823f0c4f.png;ELECE;E186:E192;mensula reforzada
LISTO;AVGFT;ELECE;catalogador-v2-6e0a788f5d6a865b.png;ELECE;G181:G186;grampa fijacion de tapa
LISTO;B 012;DAISA;catalogador-v2-906b44c0cf1d9ad1.jpg;DAISA;E234:E238;tuerca
LISTO;B 034;DAISA;catalogador-v2-906b44c0cf1d9ad1.jpg;DAISA;E234:E238;tuerca
LISTO;B 100;DAISA;catalogador-v2-906b44c0cf1d9ad1.jpg;DAISA;E234:E238;tuerca
LISTO;B 112;DAISA;catalogador-v2-906b44c0cf1d9ad1.jpg;DAISA;E234:E238;tuerca
LISTO;B 200;DAISA;catalogador-v2-906b44c0cf1d9ad1.jpg;DAISA;E234:E238;tuerca
LISTO;BC 010 L;DAISA;catalogador-v2-df32e23b1aa7e7d8.jpg;DAISA;E172:E185;abrazadera completa
LISTO;BC 034 L;DAISA;catalogador-v2-df32e23b1aa7e7d8.jpg;DAISA;E172:E185;abrazadera completa
LISTO;BC 078 L;DAISA;catalogador-v2-df32e23b1aa7e7d8.jpg;DAISA;E172:E185;abrazadera completa
LISTO;BC 100 L;DAISA;catalogador-v2-df32e23b1aa7e7d8.jpg;DAISA;E172:E185;abrazadera completa
LISTO;BC 110 L;DAISA;catalogador-v2-df32e23b1aa7e7d8.jpg;DAISA;E172:E185;abrazadera completa
LISTO;BC 112 L;DAISA;catalogador-v2-df32e23b1aa7e7d8.jpg;DAISA;E172:E185;abrazadera completa
LISTO;BC 200 L;DAISA;catalogador-v2-df32e23b1aa7e7d8.jpg;DAISA;E172:E185;abrazadera completa
LISTO;BCT 010 L;DAISA;catalogador-v2-df32e23b1aa7e7d8.jpg;DAISA;E172:E185;abrazadera completa
LISTO;BCT 034 L;DAISA;catalogador-v2-df32e23b1aa7e7d8.jpg;DAISA;E172:E185;abrazadera completa
LISTO;BCT 078 L;DAISA;catalogador-v2-df32e23b1aa7e7d8.jpg;DAISA;E172:E185;abrazadera completa
LISTO;BCT 100 L;DAISA;catalogador-v2-df32e23b1aa7e7d8.jpg;DAISA;E172:E185;abrazadera completa
LISTO;BCT 110 L;DAISA;catalogador-v2-df32e23b1aa7e7d8.jpg;DAISA;E172:E185;abrazadera completa
LISTO;BCT 112 L;DAISA;catalogador-v2-df32e23b1aa7e7d8.jpg;DAISA;E172:E185;abrazadera completa
LISTO;BCT 200 L;DAISA;catalogador-v2-df32e23b1aa7e7d8.jpg;DAISA;E172:E185;abrazadera completa
LISTO;BM 034 012;DAISA;catalogador-v2-62815024deb9fcf6.jpg;DAISA;E204:E209;buje reducción
LISTO;BM 078 034;DAISA;catalogador-v2-62815024deb9fcf6.jpg;DAISA;E204:E209;buje reducción
LISTO;BM 100 034;DAISA;catalogador-v2-62815024deb9fcf6.jpg;DAISA;E204:E209;buje reducción
LISTO;BM 110 100;DAISA;catalogador-v2-62815024deb9fcf6.jpg;DAISA;E204:E209;buje reducción
LISTO;BM 112 100;DAISA;catalogador-v2-62815024deb9fcf6.jpg;DAISA;E204:E209;buje reducción
LISTO;BM 200 112;DAISA;catalogador-v2-62815024deb9fcf6.jpg;DAISA;E204:E209;buje reducción
LISTO;BPN-04;Zoloda;catalogador-v2-5144bf900cd0f01e.png;ZOLODA Borneras;E14:E21;borne de paso
LISTO;BPN-04-AM;Zoloda;catalogador-v2-5144bf900cd0f01e.png;ZOLODA Borneras;E14:E21;borne de paso
LISTO;BPN-04-AZ;Zoloda;catalogador-v2-5144bf900cd0f01e.png;ZOLODA Borneras;E14:E21;borne de paso
LISTO;BPN-04-MA;Zoloda;catalogador-v2-5144bf900cd0f01e.png;ZOLODA Borneras;E14:E21;borne de paso
LISTO;BPN-04-NA;Zoloda;catalogador-v2-5144bf900cd0f01e.png;ZOLODA Borneras;E14:E21;borne de paso
LISTO;BPN-04-NG;Zoloda;catalogador-v2-5144bf900cd0f01e.png;ZOLODA Borneras;E14:E21;borne de paso
LISTO;BPN-04-RO;Zoloda;catalogador-v2-5144bf900cd0f01e.png;ZOLODA Borneras;E14:E21;borne de paso
LISTO;BPN-04-VE;Zoloda;catalogador-v2-5144bf900cd0f01e.png;ZOLODA Borneras;E14:E21;borne de paso
LISTO;BPN-06;Zoloda;catalogador-v2-5144bf900cd0f01e.png;ZOLODA Borneras;E24:E31;borne de paso
LISTO;BPN-06-AM;Zoloda;catalogador-v2-5144bf900cd0f01e.png;ZOLODA Borneras;E24:E31;borne de paso
LISTO;BPN-06-AZ;Zoloda;catalogador-v2-5144bf900cd0f01e.png;ZOLODA Borneras;E24:E31;borne de paso
LISTO;BPN-06-MA;Zoloda;catalogador-v2-5144bf900cd0f01e.png;ZOLODA Borneras;E24:E31;borne de paso
LISTO;BPN-06-NA;Zoloda;catalogador-v2-5144bf900cd0f01e.png;ZOLODA Borneras;E24:E31;borne de paso
LISTO;BPN-06-NG;Zoloda;catalogador-v2-5144bf900cd0f01e.png;ZOLODA Borneras;E24:E31;borne de paso
LISTO;BPN-06-RO;Zoloda;catalogador-v2-5144bf900cd0f01e.png;ZOLODA Borneras;E24:E31;borne de paso
LISTO;BPN-06-VE;Zoloda;catalogador-v2-5144bf900cd0f01e.png;ZOLODA Borneras;E24:E31;borne de paso
LISTO;BPN-10;Zoloda;catalogador-v2-5144bf900cd0f01e.png;ZOLODA Borneras;E34:E45;borne de paso
LISTO;BPN-10-AZ;Zoloda;catalogador-v2-5144bf900cd0f01e.png;ZOLODA Borneras;E34:E45;borne de paso
LISTO;BPN-16;Zoloda;catalogador-v2-5144bf900cd0f01e.png;ZOLODA Borneras;E34:E45;borne de paso
LISTO;BPN-16-AZ;Zoloda;catalogador-v2-5144bf900cd0f01e.png;ZOLODA Borneras;E34:E45;borne de paso
LISTO;BPN-2,5;Zoloda;catalogador-v2-5144bf900cd0f01e.png;ZOLODA Borneras;E4:E11;borne de paso
LISTO;BPN-2,5-AM;Zoloda;catalogador-v2-5144bf900cd0f01e.png;ZOLODA Borneras;E4:E11;borne de paso
LISTO;BPN-2,5-AZ;Zoloda;catalogador-v2-5144bf900cd0f01e.png;ZOLODA Borneras;E4:E11;borne de paso
LISTO;BPN-2,5-MA;Zoloda;catalogador-v2-5144bf900cd0f01e.png;ZOLODA Borneras;E4:E11;borne de paso
LISTO;BPN-2,5-NA;Zoloda;catalogador-v2-5144bf900cd0f01e.png;ZOLODA Borneras;E4:E11;borne de paso
LISTO;BPN-2,5-NG;Zoloda;catalogador-v2-5144bf900cd0f01e.png;ZOLODA Borneras;E4:E11;borne de paso
LISTO;BPN-2,5-RO;Zoloda;catalogador-v2-5144bf900cd0f01e.png;ZOLODA Borneras;E4:E11;borne de paso
LISTO;BPN-2,5-VE;Zoloda;catalogador-v2-5144bf900cd0f01e.png;ZOLODA Borneras;E4:E11;borne de paso
LISTO;BPN-35;Zoloda;catalogador-v2-5144bf900cd0f01e.png;ZOLODA Borneras;E34:E45;borne de paso
LISTO;BPN-35-AZ;Zoloda;catalogador-v2-5144bf900cd0f01e.png;ZOLODA Borneras;E34:E45;borne de paso
LISTO;BPN-50;Zoloda;catalogador-v2-5144bf900cd0f01e.png;ZOLODA Borneras;E34:E45;borne de paso
LISTO;BR 012;DAISA;catalogador-v2-8621cff7b2f770c3.jpg;DAISA;E227:E231;rosca
LISTO;BR 034;DAISA;catalogador-v2-8621cff7b2f770c3.jpg;DAISA;E227:E231;rosca
LISTO;BR 100;DAISA;catalogador-v2-8621cff7b2f770c3.jpg;DAISA;E227:E231;rosca
LISTO;BR 112;DAISA;catalogador-v2-8621cff7b2f770c3.jpg;DAISA;E227:E231;rosca
LISTO;BR 200;DAISA;catalogador-v2-8621cff7b2f770c3.jpg;DAISA;E227:E231;rosca
LISTO;BSLKN-04;Zoloda;catalogador-v2-257609ff55e0616e.png;ZOLODA Borneras;E48:E52;borne de tierra
LISTO;BSLKN-06;Zoloda;catalogador-v2-257609ff55e0616e.png;ZOLODA Borneras;E48:E52;borne de tierra
LISTO;BSLKN-10;Zoloda;catalogador-v2-257609ff55e0616e.png;ZOLODA Borneras;E48:E52;borne de tierra
LISTO;BSLKN-16;Zoloda;catalogador-v2-257609ff55e0616e.png;ZOLODA Borneras;E48:E52;borne de tierra
LISTO;BSLKN-35;Zoloda;catalogador-v2-257609ff55e0616e.png;ZOLODA Borneras;E48:E52;borne de tierra
LISTO;BT 010 L;DAISA;catalogador-v2-f8c548eebd7cbe91.jpg;DAISA;E188:E201;boquilla
LISTO;BT 034 L;DAISA;catalogador-v2-f8c548eebd7cbe91.jpg;DAISA;E188:E201;boquilla
LISTO;BT 078 L;DAISA;catalogador-v2-f8c548eebd7cbe91.jpg;DAISA;E188:E201;boquilla
LISTO;BT 100 L;DAISA;catalogador-v2-f8c548eebd7cbe91.jpg;DAISA;E188:E201;boquilla
LISTO;BT 110 L;DAISA;catalogador-v2-f8c548eebd7cbe91.jpg;DAISA;E188:E201;boquilla
LISTO;BT 112 L;DAISA;catalogador-v2-f8c548eebd7cbe91.jpg;DAISA;E188:E201;boquilla
LISTO;BT 200 L;DAISA;catalogador-v2-f8c548eebd7cbe91.jpg;DAISA;E188:E201;boquilla
AMBIGUO;BTKS-100-50-BL;Zoloda;catalogador-v2-38d0178fa7067b22.png;ZOLODA Cablecanal;F16:G42;accesorio ckd
AMBIGUO;BTKS-100-50-BL;Zoloda;catalogador-v2-88885e484388a80b.png;ZOLODA Cablecanal;E23:E34;accesorio ckd
LISTO;BU 010 L;DAISA;catalogador-v2-f8c548eebd7cbe91.jpg;DAISA;E188:E201;boquilla
LISTO;BU 034 L;DAISA;catalogador-v2-f8c548eebd7cbe91.jpg;DAISA;E188:E201;boquilla
LISTO;BU 078 L;DAISA;catalogador-v2-f8c548eebd7cbe91.jpg;DAISA;E188:E201;boquilla
LISTO;BU 100 L;DAISA;catalogador-v2-f8c548eebd7cbe91.jpg;DAISA;E188:E201;boquilla
LISTO;BU 110 L;DAISA;catalogador-v2-f8c548eebd7cbe91.jpg;DAISA;E188:E201;boquilla
LISTO;BU 112 L;DAISA;catalogador-v2-f8c548eebd7cbe91.jpg;DAISA;E188:E201;boquilla
LISTO;BU 200 L;DAISA;catalogador-v2-f8c548eebd7cbe91.jpg;DAISA;E188:E201;boquilla
LISTO;C 010;DAISA;catalogador-v2-f8de6cec7380a93b.jpg;DAISA;E272:E278;caja múltiple
LISTO;C 034;DAISA;catalogador-v2-f8de6cec7380a93b.jpg;DAISA;E272:E278;caja múltiple
LISTO;C 078;DAISA;catalogador-v2-f8de6cec7380a93b.jpg;DAISA;E272:E278;caja múltiple
LISTO;C 100;DAISA;catalogador-v2-f8de6cec7380a93b.jpg;DAISA;E272:E278;caja múltiple
LISTO;C 110;DAISA;catalogador-v2-f8de6cec7380a93b.jpg;DAISA;E272:E278;caja múltiple
LISTO;C 112;DAISA;catalogador-v2-f8de6cec7380a93b.jpg;DAISA;E272:E278;caja múltiple
LISTO;C 200;DAISA;catalogador-v2-f8de6cec7380a93b.jpg;DAISA;E272:E278;caja múltiple
LISTO;CCD 120;LCT;catalogador-v2-eca52848ddb122cc.png;LCT;filas 222:230;conector en C
LISTO;CCD 150;LCT;catalogador-v2-eca52848ddb122cc.png;LCT;filas 222:230;conector en C
LISTO;CCD 16;LCT;catalogador-v2-eca52848ddb122cc.png;LCT;filas 222:230;conector en C
LISTO;CCD 185;LCT;catalogador-v2-eca52848ddb122cc.png;LCT;filas 222:230;conector en C
LISTO;CCD 25;LCT;catalogador-v2-eca52848ddb122cc.png;LCT;filas 222:230;conector en C
LISTO;CCD 35;LCT;catalogador-v2-eca52848ddb122cc.png;LCT;filas 222:230;conector en C
LISTO;CCD 50;LCT;catalogador-v2-eca52848ddb122cc.png;LCT;filas 222:230;conector en C
LISTO;CCD 70;LCT;catalogador-v2-eca52848ddb122cc.png;LCT;filas 222:230;conector en C
LISTO;CCD 95;LCT;catalogador-v2-eca52848ddb122cc.png;LCT;filas 222:230;conector en C
LISTO;CCG-1;LCT;catalogador-v2-a886e5cbd2df843c.png;LCT;filas 231:236;conector puesta a tierra
LISTO;CCG-2;LCT;catalogador-v2-a886e5cbd2df843c.png;LCT;filas 231:236;conector puesta a tierra
LISTO;CCG-3;LCT;catalogador-v2-a886e5cbd2df843c.png;LCT;filas 231:236;conector puesta a tierra
LISTO;CDT 10;DAISA;catalogador-v2-2050321874fd35be.jpg;DAISA;E83:E88;caja de paso
LISTO;CDT 10 012;DAISA;catalogador-v2-2050321874fd35be.jpg;DAISA;E83:E88;caja de paso
LISTO;CDT 10 034;DAISA;catalogador-v2-2050321874fd35be.jpg;DAISA;E83:E88;caja de paso
LISTO;CDT 10 100;DAISA;catalogador-v2-2050321874fd35be.jpg;DAISA;E83:E88;caja de paso
LISTO;CDT 13;DAISA;catalogador-v2-2050321874fd35be.jpg;DAISA;E83:E88;caja de paso
LISTO;CDT 13 012;DAISA;catalogador-v2-2050321874fd35be.jpg;DAISA;E83:E88;caja de paso
LISTO;CDT 13 034;DAISA;catalogador-v2-82c33a515528f1e4.png;DAISA;E89:E94;caja de paso
LISTO;CDT 13 100;DAISA;catalogador-v2-82c33a515528f1e4.png;DAISA;E89:E94;caja de paso
LISTO;CDT 15;DAISA;catalogador-v2-82c33a515528f1e4.png;DAISA;E89:E94;caja de paso
LISTO;CDT 15 112;DAISA;catalogador-v2-82c33a515528f1e4.png;DAISA;E89:E94;caja de paso
LISTO;CDT 30;DAISA;catalogador-v2-82c33a515528f1e4.png;DAISA;E89:E94;caja de paso
LISTO;CDT 40;DAISA;catalogador-v2-82c33a515528f1e4.png;DAISA;E89:E94;caja de paso
LISTO;CE 012;DAISA;catalogador-v2-e2c2244ce59d0234.png;DAISA;E61:E65;caja bastidor
LISTO;CE 012 ST;DAISA;catalogador-v2-e2c2244ce59d0234.png;DAISA;E61:E65;caja bastidor
LISTO;CE 034;DAISA;catalogador-v2-e2c2244ce59d0234.png;DAISA;E61:E65;caja bastidor
LISTO;CE 034 ST;DAISA;catalogador-v2-e2c2244ce59d0234.png;DAISA;E61:E65;caja bastidor
LISTO;CE 100;DAISA;catalogador-v2-f9dea3f604afb670.jpg;DAISA;E66:E69;caja bastidor
LISTO;CE 100 ST;DAISA;catalogador-v2-f9dea3f604afb670.jpg;DAISA;E66:E69;caja bastidor
LISTO;CEF 050;Argeflex;catalogador-v2-b696f6514263d9b8.jpg;ARGEFLEX;E197:E199;conector para caño extraflexible
LISTO;CEF 075;Argeflex;catalogador-v2-b696f6514263d9b8.jpg;ARGEFLEX;E197:E199;conector para caño extraflexible
LISTO;CEF 100;Argeflex;catalogador-v2-b696f6514263d9b8.jpg;ARGEFLEX;E197:E199;conector para caño extraflexible
LISTO;CET 012;DAISA;catalogador-v2-e2c2244ce59d0234.png;DAISA;E61:E65;caja bastidor
LISTO;CET 034;DAISA;catalogador-v2-f9dea3f604afb670.jpg;DAISA;E66:E69;caja bastidor
LISTO;CET 100;DAISA;catalogador-v2-f9dea3f604afb670.jpg;DAISA;E66:E69;caja bastidor
LISTO;CKD-060-20;Zoloda;catalogador-v2-88885e484388a80b.png;ZOLODA Cablecanal;E4:E10;cablecanal
LISTO;CKD-080-25-BL;Zoloda;catalogador-v2-88885e484388a80b.png;ZOLODA Cablecanal;E12:E21;cablecanal
AMBIGUO;CKD-100-50-BL;Zoloda;catalogador-v2-38d0178fa7067b22.png;ZOLODA Cablecanal;F16:G42;cablecanal
AMBIGUO;CKD-100-50-BL;Zoloda;catalogador-v2-88885e484388a80b.png;ZOLODA Cablecanal;E23:E34;cablecanal
AMBIGUO;CKN-1510;Zoloda;catalogador-v2-38d0178fa7067b22.png;ZOLODA Cablecanal;F16:G42;cablecanal tablero
AMBIGUO;CKN-1510;Zoloda;catalogador-v2-88885e484388a80b.png;ZOLODA Cablecanal;E36:E43;cablecanal tablero
AMBIGUO;CKN-2515;Zoloda;catalogador-v2-38d0178fa7067b22.png;ZOLODA Cablecanal;F16:G42;cablecanal tablero
AMBIGUO;CKN-2515;Zoloda;catalogador-v2-88885e484388a80b.png;ZOLODA Cablecanal;E36:E43;cablecanal tablero
AMBIGUO;CKN-3525;Zoloda;catalogador-v2-38d0178fa7067b22.png;ZOLODA Cablecanal;F16:G42;cablecanal tablero
AMBIGUO;CKN-3525;Zoloda;catalogador-v2-88885e484388a80b.png;ZOLODA Cablecanal;E36:E43;cablecanal tablero
AMBIGUO;CKN-4030;Zoloda;catalogador-v2-38d0178fa7067b22.png;ZOLODA Cablecanal;F16:G42;cablecanal tablero
AMBIGUO;CKN-4030;Zoloda;catalogador-v2-88885e484388a80b.png;ZOLODA Cablecanal;E36:E43;cablecanal tablero
AMBIGUO;CKN-5040;Zoloda;catalogador-v2-38d0178fa7067b22.png;ZOLODA Cablecanal;F16:G42;cablecanal tablero
AMBIGUO;CKN-5040;Zoloda;catalogador-v2-88885e484388a80b.png;ZOLODA Cablecanal;E36:E43;cablecanal tablero
AMBIGUO;CKN-6040;Zoloda;catalogador-v2-38d0178fa7067b22.png;ZOLODA Cablecanal;F16:G42;cablecanal tablero
AMBIGUO;CKN-6040;Zoloda;catalogador-v2-88885e484388a80b.png;ZOLODA Cablecanal;E36:E43;cablecanal tablero
AMBIGUO;CKN-7560;Zoloda;catalogador-v2-38d0178fa7067b22.png;ZOLODA Cablecanal;F16:G42;cablecanal tablero
AMBIGUO;CKN-7560;Zoloda;catalogador-v2-88885e484388a80b.png;ZOLODA Cablecanal;E36:E43;cablecanal tablero
LISTO;CKN-9060;Zoloda;catalogador-v2-88885e484388a80b.png;ZOLODA Cablecanal;E36:E43;cablecanal tablero
LISTO;CKN-ESQUINERO;Zoloda;catalogador-v2-88885e484388a80b.png;ZOLODA Cablecanal;E45:E49;accesorio ckn
LISTO;CKN-EXTREMO;Zoloda;catalogador-v2-88885e484388a80b.png;ZOLODA Cablecanal;E45:E49;accesorio ckn
LISTO;CKN-RINCONERO;Zoloda;catalogador-v2-88885e484388a80b.png;ZOLODA Cablecanal;E45:E49;accesorio ckn
LISTO;CKN-TAPA;Zoloda;catalogador-v2-88885e484388a80b.png;ZOLODA Cablecanal;E45:E49;accesorio ckn
LISTO;CKN-UNION;Zoloda;catalogador-v2-88885e484388a80b.png;ZOLODA Cablecanal;E45:E49;accesorio ckn
LISTO;CMP 120;LCT;catalogador-v2-d0304ef5ded505a7.png;LCT;filas 136:140;terminal un orificio
LISTO;CMP 150;LCT;catalogador-v2-d0304ef5ded505a7.png;LCT;filas 136:140;terminal un orificio
LISTO;CMP 185;LCT;catalogador-v2-d0304ef5ded505a7.png;LCT;filas 136:140;terminal un orificio
LISTO;CMP 240;LCT;catalogador-v2-d0304ef5ded505a7.png;LCT;filas 136:140;terminal un orificio
LISTO;CMP 95;LCT;catalogador-v2-d0304ef5ded505a7.png;LCT;filas 136:140;terminal un orificio
LISTO;CPTAU 120;LCT;catalogador-v2-07b69aceef8c2330.png;LCT;filas 280:287;terminal preaislado bimetálico
LISTO;CPTAU 150;LCT;catalogador-v2-07b69aceef8c2330.png;LCT;filas 280:287;terminal preaislado bimetálico
LISTO;CPTAU 25;LCT;catalogador-v2-07b69aceef8c2330.png;LCT;filas 280:287;terminal preaislado bimetálico
LISTO;CPTAU 35;LCT;catalogador-v2-07b69aceef8c2330.png;LCT;filas 280:287;terminal preaislado bimetálico
LISTO;CPTAU 50;LCT;catalogador-v2-07b69aceef8c2330.png;LCT;filas 280:287;terminal preaislado bimetálico
LISTO;CPTAU 70;LCT;catalogador-v2-07b69aceef8c2330.png;LCT;filas 280:287;terminal preaislado bimetálico
LISTO;CPTAU 95;LCT;catalogador-v2-07b69aceef8c2330.png;LCT;filas 280:287;terminal preaislado bimetálico
LISTO;CTD 1.5;LCT;catalogador-v2-9aabac881b3e78a1.png;LCT;filas 306:310;puntera tubular aislada doble
LISTO;CTD 10;LCT;catalogador-v2-9aabac881b3e78a1.png;LCT;filas 306:310;puntera tubular aislada doble
LISTO;CTD 2.5;LCT;catalogador-v2-9aabac881b3e78a1.png;LCT;filas 306:310;puntera tubular aislada doble
LISTO;CTD 4;LCT;catalogador-v2-9aabac881b3e78a1.png;LCT;filas 306:310;puntera tubular aislada doble
LISTO;CTD 6;LCT;catalogador-v2-9aabac881b3e78a1.png;LCT;filas 306:310;puntera tubular aislada doble
LISTO;CTN 0,75;LCT;catalogador-v2-d57a86f420fbbdd9.png;LCT;filas 288:302;puntera tubular aislada
LISTO;CTN 1;LCT;catalogador-v2-d57a86f420fbbdd9.png;LCT;filas 288:302;puntera tubular aislada
LISTO;CTN 1,5;LCT;catalogador-v2-d57a86f420fbbdd9.png;LCT;filas 288:302;puntera tubular aislada
LISTO;CTN 10;LCT;catalogador-v2-d57a86f420fbbdd9.png;LCT;filas 288:302;puntera tubular aislada
LISTO;CTN 120;LCT;catalogador-v2-d57a86f420fbbdd9.png;LCT;filas 288:302;puntera tubular aislada
LISTO;CTN 150;LCT;catalogador-v2-d57a86f420fbbdd9.png;LCT;filas 288:302;puntera tubular aislada
LISTO;CTN 16;LCT;catalogador-v2-d57a86f420fbbdd9.png;LCT;filas 288:302;puntera tubular aislada
LISTO;CTN 2,5;LCT;catalogador-v2-d57a86f420fbbdd9.png;LCT;filas 288:302;puntera tubular aislada
LISTO;CTN 25;LCT;catalogador-v2-d57a86f420fbbdd9.png;LCT;filas 288:302;puntera tubular aislada
LISTO;CTN 35;LCT;catalogador-v2-d57a86f420fbbdd9.png;LCT;filas 288:302;puntera tubular aislada
LISTO;CTN 4;LCT;catalogador-v2-d57a86f420fbbdd9.png;LCT;filas 288:302;puntera tubular aislada
LISTO;CTN 50;LCT;catalogador-v2-d57a86f420fbbdd9.png;LCT;filas 288:302;puntera tubular aislada
LISTO;CTN 6;LCT;catalogador-v2-d57a86f420fbbdd9.png;LCT;filas 288:302;puntera tubular aislada
LISTO;CTN 70;LCT;catalogador-v2-d57a86f420fbbdd9.png;LCT;filas 288:302;puntera tubular aislada
LISTO;CTN 95;LCT;catalogador-v2-d57a86f420fbbdd9.png;LCT;filas 288:302;puntera tubular aislada
LISTO;CTR20;Sistelectric;catalogador-v2-32ba8c831e006f7e.jpg;SISTELECTRIC;E118:E123;accesorio estándar
LISTO;CTR20HDX;Sistelectric;catalogador-v2-32ba8c831e006f7e.jpg;SISTELECTRIC;E11:E16;accesorio hdx
LISTO;CTR22;Sistelectric;catalogador-v2-32ba8c831e006f7e.jpg;SISTELECTRIC;E118:E123;accesorio estándar
LISTO;CTR22HDX;Sistelectric;catalogador-v2-32ba8c831e006f7e.jpg;SISTELECTRIC;E11:E16;accesorio hdx
LISTO;CTR25;Sistelectric;catalogador-v2-32ba8c831e006f7e.jpg;SISTELECTRIC;E118:E123;accesorio estándar
LISTO;CTR25HDX;Sistelectric;catalogador-v2-32ba8c831e006f7e.jpg;SISTELECTRIC;E11:E16;accesorio hdx
LISTO;CTR32;Sistelectric;catalogador-v2-32ba8c831e006f7e.jpg;SISTELECTRIC;E118:E123;accesorio estándar
LISTO;CTR32HDX;Sistelectric;catalogador-v2-32ba8c831e006f7e.jpg;SISTELECTRIC;E11:E16;accesorio hdx
LISTO;CTR40;Sistelectric;catalogador-v2-32ba8c831e006f7e.jpg;SISTELECTRIC;E118:E123;accesorio estándar
LISTO;CTR40HDX;Sistelectric;catalogador-v2-32ba8c831e006f7e.jpg;SISTELECTRIC;E11:E16;accesorio hdx
LISTO;CTR50;Sistelectric;catalogador-v2-32ba8c831e006f7e.jpg;SISTELECTRIC;E118:E123;accesorio estándar
LISTO;CTR50HDX;Sistelectric;catalogador-v2-32ba8c831e006f7e.jpg;SISTELECTRIC;E11:E16;accesorio hdx
LISTO;DM 012 L;DAISA;catalogador-v2-4eb8b21cdfa2ead4.png;DAISA;E39:E48;caja múltiple
LISTO;DM 012 X;DAISA;catalogador-v2-4eb8b21cdfa2ead4.png;DAISA;E39:E48;caja múltiple
LISTO;DM 034 L;DAISA;catalogador-v2-4eb8b21cdfa2ead4.png;DAISA;E39:E48;caja múltiple
LISTO;DM 034 X;DAISA;catalogador-v2-4eb8b21cdfa2ead4.png;DAISA;E39:E48;caja múltiple
LISTO;DM 100 L;DAISA;catalogador-v2-4eb8b21cdfa2ead4.png;DAISA;E39:E48;caja múltiple
LISTO;DM 100 X;DAISA;catalogador-v2-4eb8b21cdfa2ead4.png;DAISA;E39:E48;caja múltiple
LISTO;DM 112 L;DAISA;catalogador-v2-3c308faa1d54b2de.jpg;DAISA;E49:E58;caja múltiple
LISTO;DM 112 X;DAISA;catalogador-v2-3c308faa1d54b2de.jpg;DAISA;E49:E58;caja múltiple
LISTO;DM 200 L;DAISA;catalogador-v2-3c308faa1d54b2de.jpg;DAISA;E49:E58;caja múltiple
LISTO;DM 200 X;DAISA;catalogador-v2-3c308faa1d54b2de.jpg;DAISA;E49:E58;caja múltiple
LISTO;DMT 012 L;DAISA;catalogador-v2-4eb8b21cdfa2ead4.png;DAISA;E39:E48;caja múltiple
LISTO;DMT 012 X;DAISA;catalogador-v2-4eb8b21cdfa2ead4.png;DAISA;E39:E48;caja múltiple
LISTO;DMT 034 L;DAISA;catalogador-v2-4eb8b21cdfa2ead4.png;DAISA;E39:E48;caja múltiple
LISTO;DMT 034 X;DAISA;catalogador-v2-4eb8b21cdfa2ead4.png;DAISA;E39:E48;caja múltiple
LISTO;DMT 100 L;DAISA;catalogador-v2-3c308faa1d54b2de.jpg;DAISA;E49:E58;caja múltiple
LISTO;DMT 100 X;DAISA;catalogador-v2-3c308faa1d54b2de.jpg;DAISA;E49:E58;caja múltiple
LISTO;DMT 112 L;DAISA;catalogador-v2-3c308faa1d54b2de.jpg;DAISA;E49:E58;caja múltiple
LISTO;DMT 112 X;DAISA;catalogador-v2-3c308faa1d54b2de.jpg;DAISA;E49:E58;caja múltiple
LISTO;DMT 200 L;DAISA;catalogador-v2-3c308faa1d54b2de.jpg;DAISA;E49:E58;caja múltiple
LISTO;DMT 200 X;DAISA;catalogador-v2-3c308faa1d54b2de.jpg;DAISA;E49:E58;caja múltiple
LISTO;DPL100;ELECE;catalogador-v2-30f870969850509e.png;ELECE;E121:E128;derivacion paralela
LISTO;DPL150;ELECE;catalogador-v2-30f870969850509e.png;ELECE;E121:E128;derivacion paralela
LISTO;DPL200;ELECE;catalogador-v2-30f870969850509e.png;ELECE;E121:E128;derivacion paralela
LISTO;DPL250;ELECE;catalogador-v2-30f870969850509e.png;ELECE;E121:E128;derivacion paralela
LISTO;DPL300;ELECE;catalogador-v2-30f870969850509e.png;ELECE;E121:E128;derivacion paralela
LISTO;DPL450;ELECE;catalogador-v2-30f870969850509e.png;ELECE;E121:E128;derivacion paralela
LISTO;DPL50;ELECE;catalogador-v2-30f870969850509e.png;ELECE;E121:E128;derivacion paralela
LISTO;DPL600;ELECE;catalogador-v2-30f870969850509e.png;ELECE;E121:E128;derivacion paralela
LISTO;DPP100;ELECE;catalogador-v2-2031925fc8603718.png;ELECE;E112:E119;derivacion perpendicular
LISTO;DPP150;ELECE;catalogador-v2-2031925fc8603718.png;ELECE;E112:E119;derivacion perpendicular
LISTO;DPP200;ELECE;catalogador-v2-2031925fc8603718.png;ELECE;E112:E119;derivacion perpendicular
LISTO;DPP250;ELECE;catalogador-v2-2031925fc8603718.png;ELECE;E112:E119;derivacion perpendicular
LISTO;DPP300;ELECE;catalogador-v2-2031925fc8603718.png;ELECE;E112:E119;derivacion perpendicular
LISTO;DPP450;ELECE;catalogador-v2-2031925fc8603718.png;ELECE;E112:E119;derivacion perpendicular
LISTO;DPP50;ELECE;catalogador-v2-2031925fc8603718.png;ELECE;E112:E119;derivacion perpendicular
LISTO;DPP600;ELECE;catalogador-v2-2031925fc8603718.png;ELECE;E112:E119;derivacion perpendicular
LISTO;E-060-20-BL;Zoloda;catalogador-v2-88885e484388a80b.png;ZOLODA Cablecanal;E4:E10;accesorio ckd
AMBIGUO;E-080-25-BL;Zoloda;catalogador-v2-38d0178fa7067b22.png;ZOLODA Cablecanal;F16:G42;accesorio ckd
AMBIGUO;E-080-25-BL;Zoloda;catalogador-v2-88885e484388a80b.png;ZOLODA Cablecanal;E12:E21;accesorio ckd
AMBIGUO;E-100-50-BL;Zoloda;catalogador-v2-38d0178fa7067b22.png;ZOLODA Cablecanal;F16:G42;accesorio ckd
AMBIGUO;E-100-50-BL;Zoloda;catalogador-v2-88885e484388a80b.png;ZOLODA Cablecanal;E23:E34;accesorio ckd
LISTO;EF 038;Argeflex;catalogador-v2-fa2452a00de2be97.jpg;ARGEFLEX;E25:E31;caño extraflexible
LISTO;EF 050;Argeflex;catalogador-v2-fa2452a00de2be97.jpg;ARGEFLEX;E25:E31;caño extraflexible
LISTO;EF 075;Argeflex;catalogador-v2-fa2452a00de2be97.jpg;ARGEFLEX;E25:E31;caño extraflexible
LISTO;EF 100;Argeflex;catalogador-v2-fa2452a00de2be97.jpg;ARGEFLEX;E25:E31;caño extraflexible
LISTO;EF 125;Argeflex;catalogador-v2-fa2452a00de2be97.jpg;ARGEFLEX;E25:E31;caño extraflexible
LISTO;EF 150;Argeflex;catalogador-v2-fa2452a00de2be97.jpg;ARGEFLEX;E25:E31;caño extraflexible
LISTO;EF 200;Argeflex;catalogador-v2-fa2452a00de2be97.jpg;ARGEFLEX;E25:E31;caño extraflexible
LISTO;EK2;Zoloda;catalogador-v2-a198e81385cc5c3d.png;ZOLODA Borneras;E62:E64;extremo para borne BPN
LISTO;EKN1;Zoloda;catalogador-v2-a198e81385cc5c3d.png;ZOLODA Borneras;E62:E64;extremo para borne BPN
AMBIGUO;ELE-080-25-BL;Zoloda;catalogador-v2-38d0178fa7067b22.png;ZOLODA Cablecanal;F16:G42;accesorio ckd
AMBIGUO;ELE-080-25-BL;Zoloda;catalogador-v2-88885e484388a80b.png;ZOLODA Cablecanal;E12:E21;accesorio ckd
AMBIGUO;ELE-100-50-BL;Zoloda;catalogador-v2-38d0178fa7067b22.png;ZOLODA Cablecanal;F16:G42;accesorio ckd
AMBIGUO;ELE-100-50-BL;Zoloda;catalogador-v2-88885e484388a80b.png;ZOLODA Cablecanal;E23:E34;accesorio ckd
LISTO;FC 31;Argeflex;catalogador-v2-52055643c5a3cdfd.png;ARGEFLEX;E153:E162;cupla de unión
LISTO;FC 32;Argeflex;catalogador-v2-52055643c5a3cdfd.png;ARGEFLEX;E153:E162;cupla de unión
LISTO;FC 33;Argeflex;catalogador-v2-52055643c5a3cdfd.png;ARGEFLEX;E153:E162;cupla de unión
LISTO;FC 34;Argeflex;catalogador-v2-52055643c5a3cdfd.png;ARGEFLEX;E153:E162;cupla de unión
LISTO;FC 35;Argeflex;catalogador-v2-1aefa7240f3d757b.jpg;ARGEFLEX;E163:E172;cupla de unión
LISTO;FC 36;Argeflex;catalogador-v2-1aefa7240f3d757b.jpg;ARGEFLEX;E163:E172;cupla de unión
LISTO;FC 37;Argeflex;catalogador-v2-1aefa7240f3d757b.jpg;ARGEFLEX;E163:E172;cupla de unión
LISTO;FCX 31;Argeflex;catalogador-v2-52055643c5a3cdfd.png;ARGEFLEX;E153:E162;cupla de unión
LISTO;FCX 32;Argeflex;catalogador-v2-52055643c5a3cdfd.png;ARGEFLEX;E153:E162;cupla de unión
LISTO;FCX 33;Argeflex;catalogador-v2-52055643c5a3cdfd.png;ARGEFLEX;E153:E162;cupla de unión
LISTO;FCX 34;Argeflex;catalogador-v2-1aefa7240f3d757b.jpg;ARGEFLEX;E163:E172;cupla de unión
LISTO;FCX 35;Argeflex;catalogador-v2-1aefa7240f3d757b.jpg;ARGEFLEX;E163:E172;cupla de unión
LISTO;FCX 36;Argeflex;catalogador-v2-1aefa7240f3d757b.jpg;ARGEFLEX;E163:E172;cupla de unión
LISTO;FCX 37;Argeflex;catalogador-v2-1aefa7240f3d757b.jpg;ARGEFLEX;E163:E172;cupla de unión
LISTO;FD 61;Argeflex;catalogador-v2-7d0eb840017f1d97.png;ARGEFLEX;E97:E108;conector hembra con rosca
LISTO;FD 62;Argeflex;catalogador-v2-7d0eb840017f1d97.png;ARGEFLEX;E97:E108;conector hembra con rosca
LISTO;FD 63;Argeflex;catalogador-v2-7d0eb840017f1d97.png;ARGEFLEX;E97:E108;conector hembra con rosca
LISTO;FD 64;Argeflex;catalogador-v2-7d0eb840017f1d97.png;ARGEFLEX;E97:E108;conector hembra con rosca
LISTO;FD 65;Argeflex;catalogador-v2-876eef775a7bb66a.jpg;ARGEFLEX;E109:E122;conector hembra con rosca
LISTO;FD 66;Argeflex;catalogador-v2-876eef775a7bb66a.jpg;ARGEFLEX;E109:E122;conector hembra con rosca
LISTO;FD 67;Argeflex;catalogador-v2-876eef775a7bb66a.jpg;ARGEFLEX;E109:E122;conector hembra con rosca
LISTO;FD 68;Argeflex;catalogador-v2-876eef775a7bb66a.jpg;ARGEFLEX;E109:E122;conector hembra con rosca
LISTO;FD 69;Argeflex;catalogador-v2-876eef775a7bb66a.jpg;ARGEFLEX;E109:E122;conector hembra con rosca
LISTO;FD 70;Argeflex;catalogador-v2-876eef775a7bb66a.jpg;ARGEFLEX;E109:E122;conector hembra con rosca
LISTO;FD ESR 21;Argeflex;catalogador-v2-984573eadb462f40.jpg;ARGEFLEX;E125:E137;conector hembra sin rosca
LISTO;FD ESR 22;Argeflex;catalogador-v2-984573eadb462f40.jpg;ARGEFLEX;E125:E137;conector hembra sin rosca
LISTO;FD ESR 33;Argeflex;catalogador-v2-984573eadb462f40.jpg;ARGEFLEX;E125:E137;conector hembra sin rosca
LISTO;FD ESR 34;Argeflex;catalogador-v2-984573eadb462f40.jpg;ARGEFLEX;E125:E137;conector hembra sin rosca
LISTO;FD ESR 45;Argeflex;catalogador-v2-984573eadb462f40.jpg;ARGEFLEX;E125:E137;conector hembra sin rosca
LISTO;FD ESR 56;Argeflex;catalogador-v2-9718933bb6b4c886.jpg;ARGEFLEX;E138:E150;conector hembra sin rosca
LISTO;FD ESR 66;Argeflex;catalogador-v2-9718933bb6b4c886.jpg;ARGEFLEX;E138:E150;conector hembra sin rosca
LISTO;FD ESR 67;Argeflex;catalogador-v2-9718933bb6b4c886.jpg;ARGEFLEX;E138:E150;conector hembra sin rosca
LISTO;FD ESR 77;Argeflex;catalogador-v2-9718933bb6b4c886.jpg;ARGEFLEX;E138:E150;conector hembra sin rosca
LISTO;FDX 61;Argeflex;catalogador-v2-7d0eb840017f1d97.png;ARGEFLEX;E97:E108;conector hembra con rosca
LISTO;FDX 62;Argeflex;catalogador-v2-7d0eb840017f1d97.png;ARGEFLEX;E97:E108;conector hembra con rosca
LISTO;FDX 63;Argeflex;catalogador-v2-7d0eb840017f1d97.png;ARGEFLEX;E97:E108;conector hembra con rosca
LISTO;FDX 64;Argeflex;catalogador-v2-7d0eb840017f1d97.png;ARGEFLEX;E97:E108;conector hembra con rosca
LISTO;FDX 65;Argeflex;catalogador-v2-876eef775a7bb66a.jpg;ARGEFLEX;E109:E122;conector hembra con rosca
LISTO;FDX 66;Argeflex;catalogador-v2-876eef775a7bb66a.jpg;ARGEFLEX;E109:E122;conector hembra con rosca
LISTO;FDX 67;Argeflex;catalogador-v2-876eef775a7bb66a.jpg;ARGEFLEX;E109:E122;conector hembra con rosca
LISTO;FDX ESR 21;Argeflex;catalogador-v2-984573eadb462f40.jpg;ARGEFLEX;E125:E137;conector hembra sin rosca
LISTO;FDX ESR 22;Argeflex;catalogador-v2-984573eadb462f40.jpg;ARGEFLEX;E125:E137;conector hembra sin rosca
LISTO;FDX ESR 33;Argeflex;catalogador-v2-984573eadb462f40.jpg;ARGEFLEX;E125:E137;conector hembra sin rosca
LISTO;FDX ESR 34;Argeflex;catalogador-v2-984573eadb462f40.jpg;ARGEFLEX;E125:E137;conector hembra sin rosca
LISTO;FDX ESR 45;Argeflex;catalogador-v2-9718933bb6b4c886.jpg;ARGEFLEX;E138:E150;conector hembra sin rosca
LISTO;FDX ESR 56;Argeflex;catalogador-v2-9718933bb6b4c886.jpg;ARGEFLEX;E138:E150;conector hembra sin rosca
LISTO;FDX ESR 66;Argeflex;catalogador-v2-9718933bb6b4c886.jpg;ARGEFLEX;E138:E150;conector hembra sin rosca
LISTO;FDX ESR 67;Argeflex;catalogador-v2-9718933bb6b4c886.jpg;ARGEFLEX;E138:E150;conector hembra sin rosca
LISTO;FDX ESR 77;Argeflex;catalogador-v2-9718933bb6b4c886.jpg;ARGEFLEX;E138:E150;conector hembra sin rosca
LISTO;FL-4;LCT;catalogador-v2-958b1978d7290875.png;LCT;filas 333:338;conector flexible
LISTO;FL-5;LCT;catalogador-v2-958b1978d7290875.png;LCT;filas 333:338;conector flexible
LISTO;FL-6;LCT;catalogador-v2-958b1978d7290875.png;LCT;filas 333:338;conector flexible
LISTO;FL-7;LCT;catalogador-v2-958b1978d7290875.png;LCT;filas 333:338;conector flexible
LISTO;FT 31;Argeflex;catalogador-v2-60915a380f979ffd.png;ARGEFLEX;E34:E45;conector recto
LISTO;FT 32;Argeflex;catalogador-v2-60915a380f979ffd.png;ARGEFLEX;E34:E45;conector recto
LISTO;FT 33;Argeflex;catalogador-v2-60915a380f979ffd.png;ARGEFLEX;E34:E45;conector recto
LISTO;FT 34;Argeflex;catalogador-v2-60915a380f979ffd.png;ARGEFLEX;E34:E45;conector recto
LISTO;FT 35;Argeflex;catalogador-v2-a372ca456627d8cb.jpg;ARGEFLEX;E46:E59;conector recto
LISTO;FT 36;Argeflex;catalogador-v2-a372ca456627d8cb.jpg;ARGEFLEX;E46:E59;conector recto
LISTO;FT 37;Argeflex;catalogador-v2-a372ca456627d8cb.jpg;ARGEFLEX;E46:E59;conector recto
LISTO;FT 38;Argeflex;catalogador-v2-a372ca456627d8cb.jpg;ARGEFLEX;E46:E59;conector recto
LISTO;FT 39;Argeflex;catalogador-v2-a372ca456627d8cb.jpg;ARGEFLEX;E46:E59;conector recto
LISTO;FT 40;Argeflex;catalogador-v2-a372ca456627d8cb.jpg;ARGEFLEX;E46:E59;conector recto
LISTO;FT 41;Argeflex;catalogador-v2-1c8f2b2a810424ec.jpg;ARGEFLEX;E84:E89;conector 45°
LISTO;FT 42;Argeflex;catalogador-v2-1c8f2b2a810424ec.jpg;ARGEFLEX;E84:E89;conector 45°
LISTO;FT 43;Argeflex;catalogador-v2-74e35e48ac30f7c0.jpg;ARGEFLEX;E90:E94;conector 45°
LISTO;FT 44;Argeflex;catalogador-v2-74e35e48ac30f7c0.jpg;ARGEFLEX;E90:E94;conector 45°
LISTO;FT 51;Argeflex;catalogador-v2-df048b90104461df.png;ARGEFLEX;E62:E70;conector 90°
LISTO;FT 52;Argeflex;catalogador-v2-df048b90104461df.png;ARGEFLEX;E62:E70;conector 90°
LISTO;FT 53;Argeflex;catalogador-v2-df048b90104461df.png;ARGEFLEX;E62:E70;conector 90°
LISTO;FT 54;Argeflex;catalogador-v2-6c8d86459b17bf83.jpg;ARGEFLEX;E71:E81;conector 90°
LISTO;FT 55;Argeflex;catalogador-v2-6c8d86459b17bf83.jpg;ARGEFLEX;E71:E81;conector 90°
LISTO;FT 56;Argeflex;catalogador-v2-6c8d86459b17bf83.jpg;ARGEFLEX;E71:E81;conector 90°
LISTO;FT 57;Argeflex;catalogador-v2-6c8d86459b17bf83.jpg;ARGEFLEX;E71:E81;conector 90°
LISTO;FTX 31;Argeflex;catalogador-v2-60915a380f979ffd.png;ARGEFLEX;E34:E45;conector recto
LISTO;FTX 32;Argeflex;catalogador-v2-60915a380f979ffd.png;ARGEFLEX;E34:E45;conector recto
LISTO;FTX 33;Argeflex;catalogador-v2-60915a380f979ffd.png;ARGEFLEX;E34:E45;conector recto
LISTO;FTX 34;Argeflex;catalogador-v2-60915a380f979ffd.png;ARGEFLEX;E34:E45;conector recto
LISTO;FTX 35;Argeflex;catalogador-v2-a372ca456627d8cb.jpg;ARGEFLEX;E46:E59;conector recto
LISTO;FTX 36;Argeflex;catalogador-v2-a372ca456627d8cb.jpg;ARGEFLEX;E46:E59;conector recto
LISTO;FTX 37;Argeflex;catalogador-v2-a372ca456627d8cb.jpg;ARGEFLEX;E46:E59;conector recto
LISTO;FTX 41;Argeflex;catalogador-v2-1c8f2b2a810424ec.jpg;ARGEFLEX;E84:E89;conector 45°
LISTO;FTX 42;Argeflex;catalogador-v2-1c8f2b2a810424ec.jpg;ARGEFLEX;E84:E89;conector 45°
LISTO;FTX 43;Argeflex;catalogador-v2-74e35e48ac30f7c0.jpg;ARGEFLEX;E90:E94;conector 45°
LISTO;FTX 44;Argeflex;catalogador-v2-74e35e48ac30f7c0.jpg;ARGEFLEX;E90:E94;conector 45°
LISTO;FTX 51;Argeflex;catalogador-v2-df048b90104461df.png;ARGEFLEX;E62:E70;conector 90°
LISTO;FTX 52;Argeflex;catalogador-v2-df048b90104461df.png;ARGEFLEX;E62:E70;conector 90°
LISTO;FTX 53;Argeflex;catalogador-v2-df048b90104461df.png;ARGEFLEX;E62:E70;conector 90°
LISTO;FTX 54;Argeflex;catalogador-v2-6c8d86459b17bf83.jpg;ARGEFLEX;E71:E81;conector 90°
LISTO;FTX 55;Argeflex;catalogador-v2-6c8d86459b17bf83.jpg;ARGEFLEX;E71:E81;conector 90°
LISTO;FTX 56;Argeflex;catalogador-v2-6c8d86459b17bf83.jpg;ARGEFLEX;E71:E81;conector 90°
LISTO;FTX 57;Argeflex;catalogador-v2-6c8d86459b17bf83.jpg;ARGEFLEX;E71:E81;conector 90°
LISTO;G7-02;LCT;catalogador-v2-f9d682e3dac9ffa6.png;LCT;filas 321:327;grampa puesta a tierra
LISTO;G7-03;LCT;catalogador-v2-f9d682e3dac9ffa6.png;LCT;filas 321:327;grampa puesta a tierra
LISTO;G7-04;LCT;catalogador-v2-f9d682e3dac9ffa6.png;LCT;filas 321:327;grampa puesta a tierra
LISTO;G7-05;LCT;catalogador-v2-f9d682e3dac9ffa6.png;LCT;filas 321:327;grampa puesta a tierra
LISTO;G7-06;LCT;catalogador-v2-f9d682e3dac9ffa6.png;LCT;filas 321:327;grampa puesta a tierra
LISTO;G7-07;LCT;catalogador-v2-f9d682e3dac9ffa6.png;LCT;filas 321:327;grampa puesta a tierra
LISTO;G7-08;LCT;catalogador-v2-f9d682e3dac9ffa6.png;LCT;filas 321:327;grampa puesta a tierra
LISTO;GD-1;LCT;catalogador-v2-d6305134960f7cbc.png;LCT;filas 313:319;grampa dentada
LISTO;GD-2;LCT;catalogador-v2-d6305134960f7cbc.png;LCT;filas 313:319;grampa dentada
LISTO;GD-3;LCT;catalogador-v2-d6305134960f7cbc.png;LCT;filas 313:319;grampa dentada
LISTO;GD-4;LCT;catalogador-v2-d6305134960f7cbc.png;LCT;filas 313:319;grampa dentada
LISTO;GETC2050L;Sistelectric;catalogador-v2-399725a052b1bf7a.jpg;SISTELECTRIC;E107:E115;tubo corrugado liviano
LISTO;GETC2050S;Sistelectric;catalogador-v2-915f97d622098f04.jpg;SISTELECTRIC;E96:E104;tubo corrugado semi pesado
LISTO;GETC20L;Sistelectric;catalogador-v2-399725a052b1bf7a.jpg;SISTELECTRIC;E107:E115;tubo corrugado liviano
LISTO;GETC20P;Sistelectric;catalogador-v2-1c3290465ad1f84b.png;SISTELECTRIC;E91:E93;tubo corrugado pesado
LISTO;GETC20S;Sistelectric;catalogador-v2-915f97d622098f04.jpg;SISTELECTRIC;E96:E104;tubo corrugado semi pesado
LISTO;GETC2250L;Sistelectric;catalogador-v2-399725a052b1bf7a.jpg;SISTELECTRIC;E107:E115;tubo corrugado liviano
LISTO;GETC2250S;Sistelectric;catalogador-v2-915f97d622098f04.jpg;SISTELECTRIC;E96:E104;tubo corrugado semi pesado
LISTO;GETC22L;Sistelectric;catalogador-v2-399725a052b1bf7a.jpg;SISTELECTRIC;E107:E115;tubo corrugado liviano
LISTO;GETC22P;Sistelectric;catalogador-v2-1c3290465ad1f84b.png;SISTELECTRIC;E91:E93;tubo corrugado pesado
LISTO;GETC22S;Sistelectric;catalogador-v2-915f97d622098f04.jpg;SISTELECTRIC;E96:E104;tubo corrugado semi pesado
LISTO;GETC2550L;Sistelectric;catalogador-v2-399725a052b1bf7a.jpg;SISTELECTRIC;E107:E115;tubo corrugado liviano
LISTO;GETC2550S;Sistelectric;catalogador-v2-915f97d622098f04.jpg;SISTELECTRIC;E96:E104;tubo corrugado semi pesado
LISTO;GETC25L;Sistelectric;catalogador-v2-399725a052b1bf7a.jpg;SISTELECTRIC;E107:E115;tubo corrugado liviano
LISTO;GETC25P;Sistelectric;catalogador-v2-1c3290465ad1f84b.png;SISTELECTRIC;E91:E93;tubo corrugado pesado
LISTO;GETC25S;Sistelectric;catalogador-v2-915f97d622098f04.jpg;SISTELECTRIC;E96:E104;tubo corrugado semi pesado
LISTO;GETC32L;Sistelectric;catalogador-v2-399725a052b1bf7a.jpg;SISTELECTRIC;E107:E115;tubo corrugado liviano
LISTO;GETC32S;Sistelectric;catalogador-v2-915f97d622098f04.jpg;SISTELECTRIC;E96:E104;tubo corrugado semi pesado
LISTO;GETC40L;Sistelectric;catalogador-v2-399725a052b1bf7a.jpg;SISTELECTRIC;E107:E115;tubo corrugado liviano
LISTO;GETC40S;Sistelectric;catalogador-v2-915f97d622098f04.jpg;SISTELECTRIC;E96:E104;tubo corrugado semi pesado
LISTO;GETC50L;Sistelectric;catalogador-v2-399725a052b1bf7a.jpg;SISTELECTRIC;E107:E115;tubo corrugado liviano
LISTO;GETC50S;Sistelectric;catalogador-v2-915f97d622098f04.jpg;SISTELECTRIC;E96:E104;tubo corrugado semi pesado
LISTO;GRA20;Sistelectric;catalogador-v2-7aa93adf85394ea5.jpg;SISTELECTRIC;E142:E147;accesorio estándar
LISTO;GRA22;Sistelectric;catalogador-v2-7aa93adf85394ea5.jpg;SISTELECTRIC;E142:E147;accesorio estándar
LISTO;GRA25;Sistelectric;catalogador-v2-7aa93adf85394ea5.jpg;SISTELECTRIC;E142:E147;accesorio estándar
LISTO;GRA32;Sistelectric;catalogador-v2-7aa93adf85394ea5.jpg;SISTELECTRIC;E142:E147;accesorio estándar
LISTO;GRA40;Sistelectric;catalogador-v2-7aa93adf85394ea5.jpg;SISTELECTRIC;E142:E147;accesorio estándar
LISTO;GRA50;Sistelectric;catalogador-v2-7aa93adf85394ea5.jpg;SISTELECTRIC;E142:E147;accesorio estándar
LISTO;IS-060-20-BL;Zoloda;catalogador-v2-88885e484388a80b.png;ZOLODA Cablecanal;E4:E10;accesorio ckd
AMBIGUO;IS-080-25-BL;Zoloda;catalogador-v2-38d0178fa7067b22.png;ZOLODA Cablecanal;F16:G42;accesorio ckd
AMBIGUO;IS-080-25-BL;Zoloda;catalogador-v2-88885e484388a80b.png;ZOLODA Cablecanal;E12:E21;accesorio ckd
AMBIGUO;J-CKD-100-50-BL;Zoloda;catalogador-v2-38d0178fa7067b22.png;ZOLODA Cablecanal;F16:G42;accesorio ckd
AMBIGUO;J-CKD-100-50-BL;Zoloda;catalogador-v2-88885e484388a80b.png;ZOLODA Cablecanal;E23:E34;accesorio ckd
LISTO;JSSB-10-05/BPN;Zoloda;catalogador-v2-9043b5a309243c66.png;ZOLODA Borneras;E55:E59;puente fijo BPN
LISTO;JSSB-10-06/BPN;Zoloda;catalogador-v2-9043b5a309243c66.png;ZOLODA Borneras;E55:E59;puente fijo BPN
LISTO;JSSB-10-08/BPN;Zoloda;catalogador-v2-9043b5a309243c66.png;ZOLODA Borneras;E55:E59;puente fijo BPN
LISTO;JSSB-10-10/BPN;Zoloda;catalogador-v2-9043b5a309243c66.png;ZOLODA Borneras;E55:E59;puente fijo BPN
LISTO;JSSB-10-12/BPN;Zoloda;catalogador-v2-9043b5a309243c66.png;ZOLODA Borneras;E55:E59;puente fijo BPN
LISTO;KS 0501;Argeflex;catalogador-v2-d5a764c6e0fed4c7.jpg;ARGEFLEX;E202:E213;prensacable
LISTO;KS 0502;Argeflex;catalogador-v2-d5a764c6e0fed4c7.jpg;ARGEFLEX;E202:E213;prensacable
LISTO;KS 0751;Argeflex;catalogador-v2-d5a764c6e0fed4c7.jpg;ARGEFLEX;E202:E213;prensacable
LISTO;KS 0752;Argeflex;catalogador-v2-d5a764c6e0fed4c7.jpg;ARGEFLEX;E202:E213;prensacable
LISTO;KS 1001;Argeflex;catalogador-v2-d5a764c6e0fed4c7.jpg;ARGEFLEX;E202:E213;prensacable
LISTO;KS 1002;Argeflex;catalogador-v2-d5a764c6e0fed4c7.jpg;ARGEFLEX;E202:E213;prensacable
LISTO;KS 1251;Argeflex;catalogador-v2-d5a764c6e0fed4c7.jpg;ARGEFLEX;E202:E213;prensacable
LISTO;KS 1252;Argeflex;catalogador-v2-d5a764c6e0fed4c7.jpg;ARGEFLEX;E202:E213;prensacable
LISTO;KS 1501;Argeflex;catalogador-v2-d5a764c6e0fed4c7.jpg;ARGEFLEX;E202:E213;prensacable
LISTO;KS 1502;Argeflex;catalogador-v2-d5a764c6e0fed4c7.jpg;ARGEFLEX;E202:E213;prensacable
LISTO;KS 2001;Argeflex;catalogador-v2-d5a764c6e0fed4c7.jpg;ARGEFLEX;E202:E213;prensacable
LISTO;KS 2002;Argeflex;catalogador-v2-d5a764c6e0fed4c7.jpg;ARGEFLEX;E202:E213;prensacable
LISTO;KS 370;Argeflex;catalogador-v2-87f0f5389405405f.jpg;ARGEFLEX;E175:E183;conector pasachapas
LISTO;KS 371;Argeflex;catalogador-v2-87f0f5389405405f.jpg;ARGEFLEX;E175:E183;conector pasachapas
LISTO;KS 372;Argeflex;catalogador-v2-87f0f5389405405f.jpg;ARGEFLEX;E175:E183;conector pasachapas
LISTO;KS 373;Argeflex;catalogador-v2-87f0f5389405405f.jpg;ARGEFLEX;E175:E183;conector pasachapas
LISTO;KS 374;Argeflex;catalogador-v2-87f0f5389405405f.jpg;ARGEFLEX;E175:E183;conector pasachapas
LISTO;KS 375;Argeflex;catalogador-v2-87f0f5389405405f.jpg;ARGEFLEX;E175:E183;conector pasachapas
LISTO;KS 376;Argeflex;catalogador-v2-87f0f5389405405f.jpg;ARGEFLEX;E175:E183;conector pasachapas
LISTO;KS 377;Argeflex;catalogador-v2-87f0f5389405405f.jpg;ARGEFLEX;E175:E183;conector pasachapas
LISTO;KS 378;Argeflex;catalogador-v2-87f0f5389405405f.jpg;ARGEFLEX;E175:E183;conector pasachapas
LISTO;KSC 045 010 L;DAISA;catalogador-v2-fb91566e4f66c558.jpg;DAISA;E21:E27;curva 45°
LISTO;KSC 045 034 L;DAISA;catalogador-v2-fb91566e4f66c558.jpg;DAISA;E21:E27;curva 45°
LISTO;KSC 045 078 L;DAISA;catalogador-v2-fb91566e4f66c558.jpg;DAISA;E21:E27;curva 45°
LISTO;KSC 045 100 L;DAISA;catalogador-v2-fb91566e4f66c558.jpg;DAISA;E21:E27;curva 45°
LISTO;KSC 045 110 L;DAISA;catalogador-v2-fb91566e4f66c558.jpg;DAISA;E21:E27;curva 45°
LISTO;KSC 045 112 L;DAISA;catalogador-v2-fb91566e4f66c558.jpg;DAISA;E21:E27;curva 45°
LISTO;KSC 045 200 L;DAISA;catalogador-v2-fb91566e4f66c558.jpg;DAISA;E21:E27;curva 45°
LISTO;KSC 090 010 L;DAISA;catalogador-v2-d0da9570508dc22e.png;DAISA;E30:E36;curva 90°
LISTO;KSC 090 034 L;DAISA;catalogador-v2-d0da9570508dc22e.png;DAISA;E30:E36;curva 90°
LISTO;KSC 090 078 L;DAISA;catalogador-v2-d0da9570508dc22e.png;DAISA;E30:E36;curva 90°
LISTO;KSC 090 100 L;DAISA;catalogador-v2-d0da9570508dc22e.png;DAISA;E30:E36;curva 90°
LISTO;KSC 090 110 L;DAISA;catalogador-v2-d0da9570508dc22e.png;DAISA;E30:E36;curva 90°
LISTO;KSC 090 112 L;DAISA;catalogador-v2-d0da9570508dc22e.png;DAISA;E30:E36;curva 90°
LISTO;KSC 090 200 L;DAISA;catalogador-v2-d0da9570508dc22e.png;DAISA;E30:E36;curva 90°
LISTO;KSR 010 L;DAISA;catalogador-v2-8d95feccd22b8f6f.png;DAISA;E4:E10;caño rígido pesado
LISTO;KSR 034 L;DAISA;catalogador-v2-8d95feccd22b8f6f.png;DAISA;E4:E10;caño rígido pesado
LISTO;KSR 078 L;DAISA;catalogador-v2-8d95feccd22b8f6f.png;DAISA;E4:E10;caño rígido pesado
LISTO;KSR 100 L;DAISA;catalogador-v2-8d95feccd22b8f6f.png;DAISA;E4:E10;caño rígido pesado
LISTO;KSR 110 L;DAISA;catalogador-v2-8d95feccd22b8f6f.png;DAISA;E4:E10;caño rígido pesado
LISTO;KSR 112 L;DAISA;catalogador-v2-8d95feccd22b8f6f.png;DAISA;E4:E10;caño rígido pesado
LISTO;KSR 200 L;DAISA;catalogador-v2-8d95feccd22b8f6f.png;DAISA;E4:E10;caño rígido pesado
LISTO;KSRV 010 L;DAISA;catalogador-v2-842a76629c8f77e6.png;DAISA;E12:E18;caño rígido liviano
LISTO;KSRV 034 L;DAISA;catalogador-v2-842a76629c8f77e6.png;DAISA;E12:E18;caño rígido liviano
LISTO;KSRV 078 L;DAISA;catalogador-v2-842a76629c8f77e6.png;DAISA;E12:E18;caño rígido liviano
LISTO;KSRV 100 L;DAISA;catalogador-v2-842a76629c8f77e6.png;DAISA;E12:E18;caño rígido liviano
LISTO;KSRV 110 L;DAISA;catalogador-v2-842a76629c8f77e6.png;DAISA;E12:E18;caño rígido liviano
LISTO;KSRV 112 L;DAISA;catalogador-v2-842a76629c8f77e6.png;DAISA;E12:E18;caño rígido liviano
LISTO;KSRV 200 L;DAISA;catalogador-v2-842a76629c8f77e6.png;DAISA;E12:E18;caño rígido liviano
AMBIGUO;LS-100-50-BL;Zoloda;catalogador-v2-38d0178fa7067b22.png;ZOLODA Cablecanal;F16:G42;accesorio ckd
AMBIGUO;LS-100-50-BL;Zoloda;catalogador-v2-88885e484388a80b.png;ZOLODA Cablecanal;E23:E34;accesorio ckd
LISTO;MF 038;Argeflex;catalogador-v2-2917f2aa63cf88e9.png;ARGEFLEX;E4:E12;caño flexible
LISTO;MF 050;Argeflex;catalogador-v2-2917f2aa63cf88e9.png;ARGEFLEX;E4:E12;caño flexible
LISTO;MF 075;Argeflex;catalogador-v2-2917f2aa63cf88e9.png;ARGEFLEX;E4:E12;caño flexible
LISTO;MF 100;Argeflex;catalogador-v2-2917f2aa63cf88e9.png;ARGEFLEX;E4:E12;caño flexible
LISTO;MF 125;Argeflex;catalogador-v2-2917f2aa63cf88e9.png;ARGEFLEX;E4:E12;caño flexible
LISTO;MF 150;Argeflex;catalogador-v2-2917f2aa63cf88e9.png;ARGEFLEX;E4:E12;caño flexible
LISTO;MF 200;Argeflex;catalogador-v2-2917f2aa63cf88e9.png;ARGEFLEX;E4:E12;caño flexible
LISTO;MF 250;Argeflex;catalogador-v2-2917f2aa63cf88e9.png;ARGEFLEX;E4:E12;caño flexible
LISTO;MF 300;Argeflex;catalogador-v2-2917f2aa63cf88e9.png;ARGEFLEX;E4:E12;caño flexible
LISTO;MFH 038;Argeflex;catalogador-v2-b00bd9b189a47605.jpg;ARGEFLEX;E16:E22;caño flexible resistente a hidrocarburos
LISTO;MFH 050;Argeflex;catalogador-v2-b00bd9b189a47605.jpg;ARGEFLEX;E16:E22;caño flexible resistente a hidrocarburos
LISTO;MFH 075;Argeflex;catalogador-v2-b00bd9b189a47605.jpg;ARGEFLEX;E16:E22;caño flexible resistente a hidrocarburos
LISTO;MFH 100;Argeflex;catalogador-v2-b00bd9b189a47605.jpg;ARGEFLEX;E16:E22;caño flexible resistente a hidrocarburos
LISTO;MFH 125;Argeflex;catalogador-v2-b00bd9b189a47605.jpg;ARGEFLEX;E16:E22;caño flexible resistente a hidrocarburos
LISTO;MFH 150;Argeflex;catalogador-v2-b00bd9b189a47605.jpg;ARGEFLEX;E16:E22;caño flexible resistente a hidrocarburos
LISTO;MFH 200;Argeflex;catalogador-v2-b00bd9b189a47605.jpg;ARGEFLEX;E16:E22;caño flexible resistente a hidrocarburos
LISTO;MR 012;DAISA;catalogador-v2-1ce7af618b3e521a.jpg;DAISA;E72:E76;caja redonda
LISTO;MR 012 ST;DAISA;catalogador-v2-1ce7af618b3e521a.jpg;DAISA;E72:E76;caja redonda
LISTO;MR 034;DAISA;catalogador-v2-1ce7af618b3e521a.jpg;DAISA;E72:E76;caja redonda
LISTO;MR 034 ST;DAISA;catalogador-v2-1ce7af618b3e521a.jpg;DAISA;E72:E76;caja redonda
LISTO;MR 100;DAISA;catalogador-v2-953027ef843d7882.jpg;DAISA;E77:E80;caja redonda
LISTO;MR 100 ST;DAISA;catalogador-v2-953027ef843d7882.jpg;DAISA;E77:E80;caja redonda
LISTO;MRT 012;DAISA;catalogador-v2-1ce7af618b3e521a.jpg;DAISA;E72:E76;caja redonda
LISTO;MRT 034;DAISA;catalogador-v2-953027ef843d7882.jpg;DAISA;E77:E80;caja redonda
LISTO;MRT 100;DAISA;catalogador-v2-953027ef843d7882.jpg;DAISA;E77:E80;caja redonda
LISTO;MT 012;DAISA;catalogador-v2-a845cd0a7a310147.jpg;DAISA;E220:E224;tapón
LISTO;MT 034;DAISA;catalogador-v2-a845cd0a7a310147.jpg;DAISA;E220:E224;tapón
LISTO;MT 100;DAISA;catalogador-v2-a845cd0a7a310147.jpg;DAISA;E220:E224;tapón
LISTO;MT 112;DAISA;catalogador-v2-a845cd0a7a310147.jpg;DAISA;E220:E224;tapón
LISTO;MT 200;DAISA;catalogador-v2-a845cd0a7a310147.jpg;DAISA;E220:E224;tapón
LISTO;P2100;ELECE;catalogador-v2-813a519ede6ab625.png;ELECE;E13:E20;tramo recto ala 20
LISTO;P2150;ELECE;catalogador-v2-813a519ede6ab625.png;ELECE;E13:E20;tramo recto ala 20
LISTO;P2200;ELECE;catalogador-v2-813a519ede6ab625.png;ELECE;E13:E20;tramo recto ala 20
LISTO;P2250;ELECE;catalogador-v2-813a519ede6ab625.png;ELECE;E13:E20;tramo recto ala 20
LISTO;P2300;ELECE;catalogador-v2-813a519ede6ab625.png;ELECE;E13:E20;tramo recto ala 20
LISTO;P2450;ELECE;catalogador-v2-813a519ede6ab625.png;ELECE;E13:E20;tramo recto ala 20
LISTO;P250;ELECE;catalogador-v2-813a519ede6ab625.png;ELECE;E13:E20;tramo recto ala 20
LISTO;P2600;ELECE;catalogador-v2-813a519ede6ab625.png;ELECE;E13:E20;tramo recto ala 20
LISTO;P2ART100;ELECE;catalogador-v2-c6bed65a2f88107b.png;ELECE;E67:E74;curva articulada ala 20
LISTO;P2ART150;ELECE;catalogador-v2-c6bed65a2f88107b.png;ELECE;E67:E74;curva articulada ala 20
LISTO;P2ART200;ELECE;catalogador-v2-c6bed65a2f88107b.png;ELECE;E67:E74;curva articulada ala 20
LISTO;P2ART250;ELECE;catalogador-v2-c6bed65a2f88107b.png;ELECE;E67:E74;curva articulada ala 20
LISTO;P2ART300;ELECE;catalogador-v2-c6bed65a2f88107b.png;ELECE;E67:E74;curva articulada ala 20
LISTO;P2ART450;ELECE;catalogador-v2-c6bed65a2f88107b.png;ELECE;E67:E74;curva articulada ala 20
LISTO;P2ART50;ELECE;catalogador-v2-c6bed65a2f88107b.png;ELECE;E67:E74;curva articulada ala 20
LISTO;P2ART600;ELECE;catalogador-v2-c6bed65a2f88107b.png;ELECE;E67:E74;curva articulada ala 20
LISTO;P2C09050;ELECE;catalogador-v2-1929d0a46c73bedb.png;ELECE;E31:E38;curva plana 90 ala 20
LISTO;P2C09100;ELECE;catalogador-v2-1929d0a46c73bedb.png;ELECE;E31:E38;curva plana 90 ala 20
LISTO;P2C09150;ELECE;catalogador-v2-1929d0a46c73bedb.png;ELECE;E31:E38;curva plana 90 ala 20
LISTO;P2C09200;ELECE;catalogador-v2-1929d0a46c73bedb.png;ELECE;E31:E38;curva plana 90 ala 20
LISTO;P2C09250;ELECE;catalogador-v2-1929d0a46c73bedb.png;ELECE;E31:E38;curva plana 90 ala 20
LISTO;P2C09300;ELECE;catalogador-v2-1929d0a46c73bedb.png;ELECE;E31:E38;curva plana 90 ala 20
LISTO;P2C09450;ELECE;catalogador-v2-1929d0a46c73bedb.png;ELECE;E31:E38;curva plana 90 ala 20
LISTO;P2C09600;ELECE;catalogador-v2-1929d0a46c73bedb.png;ELECE;E31:E38;curva plana 90 ala 20
LISTO;P2C45100;ELECE;catalogador-v2-6bd1b0582b20fc1d.png;ELECE;E49:E56;curva plana 45 ala 20
LISTO;P2C45150;ELECE;catalogador-v2-6bd1b0582b20fc1d.png;ELECE;E49:E56;curva plana 45 ala 20
LISTO;P2C45200;ELECE;catalogador-v2-6bd1b0582b20fc1d.png;ELECE;E49:E56;curva plana 45 ala 20
LISTO;P2C45250;ELECE;catalogador-v2-6bd1b0582b20fc1d.png;ELECE;E49:E56;curva plana 45 ala 20
LISTO;P2C45300;ELECE;catalogador-v2-6bd1b0582b20fc1d.png;ELECE;E49:E56;curva plana 45 ala 20
LISTO;P2C45450;ELECE;catalogador-v2-6bd1b0582b20fc1d.png;ELECE;E49:E56;curva plana 45 ala 20
LISTO;P2C4550;ELECE;catalogador-v2-6bd1b0582b20fc1d.png;ELECE;E49:E56;curva plana 45 ala 20
LISTO;P2C45600;ELECE;catalogador-v2-6bd1b0582b20fc1d.png;ELECE;E49:E56;curva plana 45 ala 20
LISTO;P2T100;ELECE;catalogador-v2-af32f8b60bc1e9a2.png;ELECE;E85:E92;union tee ala 20
LISTO;P2T150;ELECE;catalogador-v2-af32f8b60bc1e9a2.png;ELECE;E85:E92;union tee ala 20
LISTO;P2T200;ELECE;catalogador-v2-af32f8b60bc1e9a2.png;ELECE;E85:E92;union tee ala 20
LISTO;P2T250;ELECE;catalogador-v2-af32f8b60bc1e9a2.png;ELECE;E85:E92;union tee ala 20
LISTO;P2T300;ELECE;catalogador-v2-af32f8b60bc1e9a2.png;ELECE;E85:E92;union tee ala 20
LISTO;P2T450;ELECE;catalogador-v2-af32f8b60bc1e9a2.png;ELECE;E85:E92;union tee ala 20
LISTO;P2T50;ELECE;catalogador-v2-af32f8b60bc1e9a2.png;ELECE;E85:E92;union tee ala 20
LISTO;P2T600;ELECE;catalogador-v2-af32f8b60bc1e9a2.png;ELECE;E85:E92;union tee ala 20
LISTO;P2X100;ELECE;catalogador-v2-756501c6e357bd6d.png;ELECE;E103:E110;union cruz ala 20
LISTO;P2X150;ELECE;catalogador-v2-756501c6e357bd6d.png;ELECE;E103:E110;union cruz ala 20
LISTO;P2X200;ELECE;catalogador-v2-756501c6e357bd6d.png;ELECE;E103:E110;union cruz ala 20
LISTO;P2X250;ELECE;catalogador-v2-756501c6e357bd6d.png;ELECE;E103:E110;union cruz ala 20
LISTO;P2X300;ELECE;catalogador-v2-756501c6e357bd6d.png;ELECE;E103:E110;union cruz ala 20
LISTO;P2X450;ELECE;catalogador-v2-756501c6e357bd6d.png;ELECE;E103:E110;union cruz ala 20
LISTO;P2X50;ELECE;catalogador-v2-756501c6e357bd6d.png;ELECE;E103:E110;union cruz ala 20
LISTO;P2X600;ELECE;catalogador-v2-756501c6e357bd6d.png;ELECE;E103:E110;union cruz ala 20
LISTO;P5100;ELECE;catalogador-v2-813a519ede6ab625.png;ELECE;E4:E11;tramo recto ala 50
LISTO;P5150;ELECE;catalogador-v2-813a519ede6ab625.png;ELECE;E4:E11;tramo recto ala 50
LISTO;P5200;ELECE;catalogador-v2-813a519ede6ab625.png;ELECE;E4:E11;tramo recto ala 50
LISTO;P5250;ELECE;catalogador-v2-813a519ede6ab625.png;ELECE;E4:E11;tramo recto ala 50
LISTO;P5300;ELECE;catalogador-v2-813a519ede6ab625.png;ELECE;E4:E11;tramo recto ala 50
LISTO;P5450;ELECE;catalogador-v2-813a519ede6ab625.png;ELECE;E4:E11;tramo recto ala 50
LISTO;P550;ELECE;catalogador-v2-813a519ede6ab625.png;ELECE;E4:E11;tramo recto ala 50
LISTO;P5600;ELECE;catalogador-v2-813a519ede6ab625.png;ELECE;E4:E11;tramo recto ala 50
LISTO;P5ART100;ELECE;catalogador-v2-c6bed65a2f88107b.png;ELECE;E58:E65;curva articulada ala 50
LISTO;P5ART150;ELECE;catalogador-v2-c6bed65a2f88107b.png;ELECE;E58:E65;curva articulada ala 50
LISTO;P5ART200;ELECE;catalogador-v2-c6bed65a2f88107b.png;ELECE;E58:E65;curva articulada ala 50
LISTO;P5ART250;ELECE;catalogador-v2-c6bed65a2f88107b.png;ELECE;E58:E65;curva articulada ala 50
LISTO;P5ART300;ELECE;catalogador-v2-c6bed65a2f88107b.png;ELECE;E58:E65;curva articulada ala 50
LISTO;P5ART450;ELECE;catalogador-v2-c6bed65a2f88107b.png;ELECE;E58:E65;curva articulada ala 50
LISTO;P5ART50;ELECE;catalogador-v2-c6bed65a2f88107b.png;ELECE;E58:E65;curva articulada ala 50
LISTO;P5ART600;ELECE;catalogador-v2-c6bed65a2f88107b.png;ELECE;E58:E65;curva articulada ala 50
LISTO;PDA-3121000CC-12;Zoloda;catalogador-v2-016c8eb61c797374.png;ZOLODA Borneras;E78:E83;protector contra sobretensiones
LISTO;PSC09050;ELECE;catalogador-v2-1929d0a46c73bedb.png;ELECE;E22:E29;curva plana 90 ala 50
LISTO;PSC09100;ELECE;catalogador-v2-1929d0a46c73bedb.png;ELECE;E22:E29;curva plana 90 ala 50
LISTO;PSC09150;ELECE;catalogador-v2-1929d0a46c73bedb.png;ELECE;E22:E29;curva plana 90 ala 50
LISTO;PSC09200;ELECE;catalogador-v2-1929d0a46c73bedb.png;ELECE;E22:E29;curva plana 90 ala 50
LISTO;PSC09250;ELECE;catalogador-v2-1929d0a46c73bedb.png;ELECE;E22:E29;curva plana 90 ala 50
LISTO;PSC09300;ELECE;catalogador-v2-1929d0a46c73bedb.png;ELECE;E22:E29;curva plana 90 ala 50
LISTO;PSC09450;ELECE;catalogador-v2-1929d0a46c73bedb.png;ELECE;E22:E29;curva plana 90 ala 50
LISTO;PSC09600;ELECE;catalogador-v2-1929d0a46c73bedb.png;ELECE;E22:E29;curva plana 90 ala 50
LISTO;PSC45100;ELECE;catalogador-v2-6bd1b0582b20fc1d.png;ELECE;E40:E47;curva plana 45 ala 50
LISTO;PSC45150;ELECE;catalogador-v2-6bd1b0582b20fc1d.png;ELECE;E40:E47;curva plana 45 ala 50
LISTO;PSC45200;ELECE;catalogador-v2-6bd1b0582b20fc1d.png;ELECE;E40:E47;curva plana 45 ala 50
LISTO;PSC45250;ELECE;catalogador-v2-6bd1b0582b20fc1d.png;ELECE;E40:E47;curva plana 45 ala 50
LISTO;PSC45300;ELECE;catalogador-v2-6bd1b0582b20fc1d.png;ELECE;E40:E47;curva plana 45 ala 50
LISTO;PSC45450;ELECE;catalogador-v2-6bd1b0582b20fc1d.png;ELECE;E40:E47;curva plana 45 ala 50
LISTO;PSC4550;ELECE;catalogador-v2-6bd1b0582b20fc1d.png;ELECE;E40:E47;curva plana 45 ala 50
LISTO;PSC45600;ELECE;catalogador-v2-6bd1b0582b20fc1d.png;ELECE;E40:E47;curva plana 45 ala 50
LISTO;PST100;ELECE;catalogador-v2-af32f8b60bc1e9a2.png;ELECE;E76:E83;union tee ala 50
LISTO;PST150;ELECE;catalogador-v2-af32f8b60bc1e9a2.png;ELECE;E76:E83;union tee ala 50
LISTO;PST200;ELECE;catalogador-v2-af32f8b60bc1e9a2.png;ELECE;E76:E83;union tee ala 50
LISTO;PST250;ELECE;catalogador-v2-af32f8b60bc1e9a2.png;ELECE;E76:E83;union tee ala 50
LISTO;PST300;ELECE;catalogador-v2-af32f8b60bc1e9a2.png;ELECE;E76:E83;union tee ala 50
LISTO;PST450;ELECE;catalogador-v2-af32f8b60bc1e9a2.png;ELECE;E76:E83;union tee ala 50
LISTO;PST50;ELECE;catalogador-v2-af32f8b60bc1e9a2.png;ELECE;E76:E83;union tee ala 50
LISTO;PST600;ELECE;catalogador-v2-af32f8b60bc1e9a2.png;ELECE;E76:E83;union tee ala 50
LISTO;PSX100;ELECE;catalogador-v2-756501c6e357bd6d.png;ELECE;E94:E101;union cruz ala 50
LISTO;PSX150;ELECE;catalogador-v2-756501c6e357bd6d.png;ELECE;E94:E101;union cruz ala 50
LISTO;PSX200;ELECE;catalogador-v2-756501c6e357bd6d.png;ELECE;E94:E101;union cruz ala 50
LISTO;PSX250;ELECE;catalogador-v2-756501c6e357bd6d.png;ELECE;E94:E101;union cruz ala 50
LISTO;PSX300;ELECE;catalogador-v2-756501c6e357bd6d.png;ELECE;E94:E101;union cruz ala 50
LISTO;PSX450;ELECE;catalogador-v2-756501c6e357bd6d.png;ELECE;E94:E101;union cruz ala 50
LISTO;PSX50;ELECE;catalogador-v2-756501c6e357bd6d.png;ELECE;E94:E101;union cruz ala 50
LISTO;PSX600;ELECE;catalogador-v2-756501c6e357bd6d.png;ELECE;E94:E101;union cruz ala 50
LISTO;PT100;ELECE;catalogador-v2-0ab79ba551a79c17.png;ELECE;E130:E137;tapa tramo recto
LISTO;PT150;ELECE;catalogador-v2-0ab79ba551a79c17.png;ELECE;E130:E137;tapa tramo recto
LISTO;PT200;ELECE;catalogador-v2-0ab79ba551a79c17.png;ELECE;E130:E137;tapa tramo recto
LISTO;PT250;ELECE;catalogador-v2-0ab79ba551a79c17.png;ELECE;E130:E137;tapa tramo recto
LISTO;PT300;ELECE;catalogador-v2-0ab79ba551a79c17.png;ELECE;E130:E137;tapa tramo recto
LISTO;PT450;ELECE;catalogador-v2-0ab79ba551a79c17.png;ELECE;E130:E137;tapa tramo recto
LISTO;PT50;ELECE;catalogador-v2-0ab79ba551a79c17.png;ELECE;E130:E137;tapa tramo recto
LISTO;PT600;ELECE;catalogador-v2-0ab79ba551a79c17.png;ELECE;E130:E137;tapa tramo recto
LISTO;PTART100;ELECE;catalogador-v2-bc4face68abe116f.png;ELECE;E175:E182;tapa curva articulada
LISTO;PTART150;ELECE;catalogador-v2-bc4face68abe116f.png;ELECE;E175:E182;tapa curva articulada
LISTO;PTART200;ELECE;catalogador-v2-bc4face68abe116f.png;ELECE;E175:E182;tapa curva articulada
LISTO;PTART250;ELECE;catalogador-v2-bc4face68abe116f.png;ELECE;E175:E182;tapa curva articulada
LISTO;PTART300;ELECE;catalogador-v2-bc4face68abe116f.png;ELECE;E175:E182;tapa curva articulada
AMBIGUO;PTART450;ELECE;catalogador-v2-6e0a788f5d6a865b.png;ELECE;G181:G186;tapa curva articulada
AMBIGUO;PTART450;ELECE;catalogador-v2-bc4face68abe116f.png;ELECE;E175:E182;tapa curva articulada
LISTO;PTART50;ELECE;catalogador-v2-bc4face68abe116f.png;ELECE;E175:E182;tapa curva articulada
AMBIGUO;PTART600;ELECE;catalogador-v2-6e0a788f5d6a865b.png;ELECE;G181:G186;tapa curva articulada
AMBIGUO;PTART600;ELECE;catalogador-v2-bc4face68abe116f.png;ELECE;E175:E182;tapa curva articulada
LISTO;PTC45100;ELECE;catalogador-v2-885e9b17744a41e3.png;ELECE;E148:E155;tapa curva plana 45
LISTO;PTC45150;ELECE;catalogador-v2-885e9b17744a41e3.png;ELECE;E148:E155;tapa curva plana 45
LISTO;PTC45200;ELECE;catalogador-v2-885e9b17744a41e3.png;ELECE;E148:E155;tapa curva plana 45
LISTO;PTC45250;ELECE;catalogador-v2-885e9b17744a41e3.png;ELECE;E148:E155;tapa curva plana 45
LISTO;PTC45300;ELECE;catalogador-v2-885e9b17744a41e3.png;ELECE;E148:E155;tapa curva plana 45
LISTO;PTC45450;ELECE;catalogador-v2-885e9b17744a41e3.png;ELECE;E148:E155;tapa curva plana 45
LISTO;PTC4550;ELECE;catalogador-v2-885e9b17744a41e3.png;ELECE;E148:E155;tapa curva plana 45
LISTO;PTC45600;ELECE;catalogador-v2-885e9b17744a41e3.png;ELECE;E148:E155;tapa curva plana 45
LISTO;PTC90100;ELECE;catalogador-v2-b8f189a96acc203d.png;ELECE;E139:E146;tapa curva plana 90
LISTO;PTC90150;ELECE;catalogador-v2-b8f189a96acc203d.png;ELECE;E139:E146;tapa curva plana 90
LISTO;PTC90200;ELECE;catalogador-v2-b8f189a96acc203d.png;ELECE;E139:E146;tapa curva plana 90
LISTO;PTC90250;ELECE;catalogador-v2-b8f189a96acc203d.png;ELECE;E139:E146;tapa curva plana 90
LISTO;PTC90300;ELECE;catalogador-v2-b8f189a96acc203d.png;ELECE;E139:E146;tapa curva plana 90
LISTO;PTC90450;ELECE;catalogador-v2-b8f189a96acc203d.png;ELECE;E139:E146;tapa curva plana 90
LISTO;PTC9050;ELECE;catalogador-v2-b8f189a96acc203d.png;ELECE;E139:E146;tapa curva plana 90
LISTO;PTC90600;ELECE;catalogador-v2-b8f189a96acc203d.png;ELECE;E139:E146;tapa curva plana 90
LISTO;PTT100;ELECE;catalogador-v2-896347162fea92d3.png;ELECE;E157:E164;tapa union tee
LISTO;PTT150;ELECE;catalogador-v2-896347162fea92d3.png;ELECE;E157:E164;tapa union tee
LISTO;PTT200;ELECE;catalogador-v2-896347162fea92d3.png;ELECE;E157:E164;tapa union tee
LISTO;PTT250;ELECE;catalogador-v2-896347162fea92d3.png;ELECE;E157:E164;tapa union tee
LISTO;PTT300;ELECE;catalogador-v2-896347162fea92d3.png;ELECE;E157:E164;tapa union tee
LISTO;PTT450;ELECE;catalogador-v2-896347162fea92d3.png;ELECE;E157:E164;tapa union tee
LISTO;PTT50;ELECE;catalogador-v2-896347162fea92d3.png;ELECE;E157:E164;tapa union tee
LISTO;PTT600;ELECE;catalogador-v2-896347162fea92d3.png;ELECE;E157:E164;tapa union tee
LISTO;PTX100;ELECE;catalogador-v2-7b1870e932dfcdcd.png;ELECE;E166:E173;tapa union cruz
LISTO;PTX150;ELECE;catalogador-v2-7b1870e932dfcdcd.png;ELECE;E166:E173;tapa union cruz
LISTO;PTX200;ELECE;catalogador-v2-7b1870e932dfcdcd.png;ELECE;E166:E173;tapa union cruz
LISTO;PTX250;ELECE;catalogador-v2-7b1870e932dfcdcd.png;ELECE;E166:E173;tapa union cruz
LISTO;PTX300;ELECE;catalogador-v2-7b1870e932dfcdcd.png;ELECE;E166:E173;tapa union cruz
LISTO;PTX450;ELECE;catalogador-v2-7b1870e932dfcdcd.png;ELECE;E166:E173;tapa union cruz
LISTO;PTX50;ELECE;catalogador-v2-7b1870e932dfcdcd.png;ELECE;E166:E173;tapa union cruz
LISTO;PTX600;ELECE;catalogador-v2-7b1870e932dfcdcd.png;ELECE;E166:E173;tapa union cruz
LISTO;RI-060-20-BL;Zoloda;catalogador-v2-88885e484388a80b.png;ZOLODA Cablecanal;E4:E10;accesorio ckd
AMBIGUO;RI-080-25;Zoloda;catalogador-v2-38d0178fa7067b22.png;ZOLODA Cablecanal;F16:G42;accesorio ckd
AMBIGUO;RI-080-25;Zoloda;catalogador-v2-88885e484388a80b.png;ZOLODA Cablecanal;E12:E21;accesorio ckd
AMBIGUO;RI-100-50-BL;Zoloda;catalogador-v2-38d0178fa7067b22.png;ZOLODA Cablecanal;F16:G42;accesorio ckd
AMBIGUO;RI-100-50-BL;Zoloda;catalogador-v2-88885e484388a80b.png;ZOLODA Cablecanal;E23:E34;accesorio ckd
LISTO;SCA 120;LCT;catalogador-v2-09daafb103c75194.png;LCT;filas 240:249;terminal un orificio aluminio
LISTO;SCA 150;LCT;catalogador-v2-09daafb103c75194.png;LCT;filas 240:249;terminal un orificio aluminio
LISTO;SCA 185;LCT;catalogador-v2-09daafb103c75194.png;LCT;filas 240:249;terminal un orificio aluminio
LISTO;SCA 240;LCT;catalogador-v2-09daafb103c75194.png;LCT;filas 240:249;terminal un orificio aluminio
LISTO;SCA 25;LCT;catalogador-v2-09daafb103c75194.png;LCT;filas 240:249;terminal un orificio aluminio
LISTO;SCA 300;LCT;catalogador-v2-09daafb103c75194.png;LCT;filas 240:249;terminal un orificio aluminio
LISTO;SCA 35;LCT;catalogador-v2-09daafb103c75194.png;LCT;filas 240:249;terminal un orificio aluminio
LISTO;SCA 50;LCT;catalogador-v2-09daafb103c75194.png;LCT;filas 240:249;terminal un orificio aluminio
LISTO;SCA 70;LCT;catalogador-v2-09daafb103c75194.png;LCT;filas 240:249;terminal un orificio aluminio
LISTO;SCA 95;LCT;catalogador-v2-09daafb103c75194.png;LCT;filas 240:249;terminal un orificio aluminio
LISTO;SCB 120;LCT;catalogador-v2-1188de70adff563d.png;LCT;filas 255:264;terminal bimetálico
LISTO;SCB 150;LCT;catalogador-v2-1188de70adff563d.png;LCT;filas 255:264;terminal bimetálico
LISTO;SCB 185;LCT;catalogador-v2-1188de70adff563d.png;LCT;filas 255:264;terminal bimetálico
LISTO;SCB 240;LCT;catalogador-v2-1188de70adff563d.png;LCT;filas 255:264;terminal bimetálico
LISTO;SCB 25;LCT;catalogador-v2-1188de70adff563d.png;LCT;filas 255:264;terminal bimetálico
LISTO;SCB 300;LCT;catalogador-v2-1188de70adff563d.png;LCT;filas 255:264;terminal bimetálico
LISTO;SCB 35;LCT;catalogador-v2-1188de70adff563d.png;LCT;filas 255:264;terminal bimetálico
LISTO;SCB 50;LCT;catalogador-v2-1188de70adff563d.png;LCT;filas 255:264;terminal bimetálico
LISTO;SCB 70;LCT;catalogador-v2-1188de70adff563d.png;LCT;filas 255:264;terminal bimetálico
LISTO;SCB 95;LCT;catalogador-v2-1188de70adff563d.png;LCT;filas 255:264;terminal bimetálico
LISTO;SCC 10/3;LCT;catalogador-v2-d41c66dc90775a1a.png;LCT;filas 18:24;terminal un orificio
LISTO;SCC 16/1;LCT;catalogador-v2-d41c66dc90775a1a.png;LCT;filas 18:24;terminal un orificio
LISTO;SCC 16/2;LCT;catalogador-v2-d41c66dc90775a1a.png;LCT;filas 18:24;terminal un orificio
LISTO;SCC 16/3;LCT;catalogador-v2-d41c66dc90775a1a.png;LCT;filas 18:24;terminal un orificio
LISTO;SCC 25/1;LCT;catalogador-v2-d41c66dc90775a1a.png;LCT;filas 18:24;terminal un orificio
LISTO;SCC 35/2 45°;LCT;catalogador-v2-1cc70d92114c147e.png;LCT;filas 166:176;terminal un orificio 45°
LISTO;SCC 50/0 45°;LCT;catalogador-v2-1cc70d92114c147e.png;LCT;filas 166:176;terminal un orificio 45°
LISTO;SCC 50/0 90°;LCT;catalogador-v2-ad3ef4ef4132a05f.png;LCT;filas 146:156;terminal un orificio 90°
LISTO;SCC 50/1 45°;LCT;catalogador-v2-1cc70d92114c147e.png;LCT;filas 166:176;terminal un orificio 45°
LISTO;SCC 50/1 90°;LCT;catalogador-v2-ad3ef4ef4132a05f.png;LCT;filas 146:156;terminal un orificio 90°
LISTO;SCC 50/2 45°;LCT;catalogador-v2-1cc70d92114c147e.png;LCT;filas 166:176;terminal un orificio 45°
LISTO;SCC 50/2 90°;LCT;catalogador-v2-ad3ef4ef4132a05f.png;LCT;filas 146:156;terminal un orificio 90°
LISTO;SCC 70/0 45°;LCT;catalogador-v2-1cc70d92114c147e.png;LCT;filas 166:176;terminal un orificio 45°
LISTO;SCC 70/0 90°;LCT;catalogador-v2-ad3ef4ef4132a05f.png;LCT;filas 146:156;terminal un orificio 90°
LISTO;SCC 70/1 45°;LCT;catalogador-v2-1cc70d92114c147e.png;LCT;filas 166:176;terminal un orificio 45°
LISTO;SCC 70/1 90°;LCT;catalogador-v2-ad3ef4ef4132a05f.png;LCT;filas 146:156;terminal un orificio 90°
LISTO;SCC 70/2 45°;LCT;catalogador-v2-1cc70d92114c147e.png;LCT;filas 166:176;terminal un orificio 45°
LISTO;SCC 70/2 90°;LCT;catalogador-v2-ad3ef4ef4132a05f.png;LCT;filas 146:156;terminal un orificio 90°
LISTO;SCC 95/0 90°;LCT;catalogador-v2-ad3ef4ef4132a05f.png;LCT;filas 146:156;terminal un orificio 90°
LISTO;SCC 95/1 45°;LCT;catalogador-v2-1cc70d92114c147e.png;LCT;filas 166:176;terminal un orificio 45°
LISTO;SCC 95/1 90°;LCT;catalogador-v2-ad3ef4ef4132a05f.png;LCT;filas 146:156;terminal un orificio 90°
LISTO;SCC-D 120;LCT;catalogador-v2-d975d13fd32a284e.png;LCT;filas 92:101;terminal dos orificios
LISTO;SCC-D 150;LCT;catalogador-v2-d975d13fd32a284e.png;LCT;filas 92:101;terminal dos orificios
LISTO;SCC-D 185;LCT;catalogador-v2-d975d13fd32a284e.png;LCT;filas 92:101;terminal dos orificios
LISTO;SCC-D 240;LCT;catalogador-v2-d975d13fd32a284e.png;LCT;filas 92:101;terminal dos orificios
LISTO;SCC-D 300;LCT;catalogador-v2-d975d13fd32a284e.png;LCT;filas 92:101;terminal dos orificios
LISTO;SCC-D 400;LCT;catalogador-v2-d975d13fd32a284e.png;LCT;filas 92:101;terminal dos orificios
LISTO;SCC-D 500;LCT;catalogador-v2-d975d13fd32a284e.png;LCT;filas 92:101;terminal dos orificios
LISTO;SCC-D 630;LCT;catalogador-v2-d975d13fd32a284e.png;LCT;filas 92:101;terminal dos orificios
LISTO;SCC-DL 120;LCT;catalogador-v2-da581915c9d47d5d.png;LCT;filas 108:116;terminal dos orificios
LISTO;SCC-DL 150;LCT;catalogador-v2-da581915c9d47d5d.png;LCT;filas 108:116;terminal dos orificios
LISTO;SCC-DL 185;LCT;catalogador-v2-da581915c9d47d5d.png;LCT;filas 108:116;terminal dos orificios
LISTO;SCC-DL 240;LCT;catalogador-v2-da581915c9d47d5d.png;LCT;filas 108:116;terminal dos orificios
LISTO;SCC-DL 300;LCT;catalogador-v2-da581915c9d47d5d.png;LCT;filas 108:116;terminal dos orificios
LISTO;SCC-DL 400;LCT;catalogador-v2-da581915c9d47d5d.png;LCT;filas 108:116;terminal dos orificios
LISTO;SCC-DL 500;LCT;catalogador-v2-da581915c9d47d5d.png;LCT;filas 108:116;terminal dos orificios
LISTO;SCC-DL 630;LCT;catalogador-v2-da581915c9d47d5d.png;LCT;filas 108:116;terminal dos orificios
LISTO;SCC-DL 95;LCT;catalogador-v2-da581915c9d47d5d.png;LCT;filas 108:116;terminal dos orificios
LISTO;SCC-L 120;LCT;catalogador-v2-d162810c6e48a8f8.png;LCT;filas 74:83;terminal un orificio
LISTO;SCC-L 150;LCT;catalogador-v2-d162810c6e48a8f8.png;LCT;filas 74:83;terminal un orificio
LISTO;SCC-L 185;LCT;catalogador-v2-d162810c6e48a8f8.png;LCT;filas 74:83;terminal un orificio
LISTO;SCC-L 240;LCT;catalogador-v2-d162810c6e48a8f8.png;LCT;filas 74:83;terminal un orificio
LISTO;SCC-L 300;LCT;catalogador-v2-d162810c6e48a8f8.png;LCT;filas 74:83;terminal un orificio
LISTO;SCC-L 50;LCT;catalogador-v2-d162810c6e48a8f8.png;LCT;filas 74:83;terminal un orificio
LISTO;SCC-L 70;LCT;catalogador-v2-d162810c6e48a8f8.png;LCT;filas 74:83;terminal un orificio
LISTO;SCC-L 95;LCT;catalogador-v2-d162810c6e48a8f8.png;LCT;filas 74:83;terminal un orificio
AMBIGUO;SE-D-50-BL;Zoloda;catalogador-v2-38d0178fa7067b22.png;ZOLODA Cablecanal;F16:G42;accesorio ckd
AMBIGUO;SE-D-50-BL;Zoloda;catalogador-v2-88885e484388a80b.png;ZOLODA Cablecanal;E23:E34;accesorio ckd
LISTO;SE1;Zoloda;catalogador-v2-60c418ae41042564.png;ZOLODA Borneras;E66:E68;separador para borne BPN
LISTO;SE1-D;Zoloda;catalogador-v2-60c418ae41042564.png;ZOLODA Borneras;E66:E68;separador para borne BPN
LISTO;SE1-D-GR;Zoloda;catalogador-v2-60c418ae41042564.png;ZOLODA Borneras;E66:E68;separador para borne BPN
LISTO;SPT1+2-1P;Zoloda;catalogador-v2-016c8eb61c797374.png;ZOLODA Borneras;E78:E83;protector contra sobretensiones
LISTO;SPT1+2-2P;Zoloda;catalogador-v2-016c8eb61c797374.png;ZOLODA Borneras;E78:E83;protector contra sobretensiones
LISTO;SPT1+2-3P;Zoloda;catalogador-v2-016c8eb61c797374.png;ZOLODA Borneras;E78:E83;protector contra sobretensiones
LISTO;SPT1+2-4P;Zoloda;catalogador-v2-016c8eb61c797374.png;ZOLODA Borneras;E78:E83;protector contra sobretensiones
AMBIGUO;ST-080-25;Zoloda;catalogador-v2-38d0178fa7067b22.png;ZOLODA Cablecanal;F16:G42;accesorio ckd
AMBIGUO;ST-080-25;Zoloda;catalogador-v2-88885e484388a80b.png;ZOLODA Cablecanal;E12:E21;accesorio ckd
LISTO;T 010;DAISA;catalogador-v2-43cd103dcd21e378.png;DAISA;E241:E247;tapa
LISTO;T 034;DAISA;catalogador-v2-43cd103dcd21e378.png;DAISA;E241:E247;tapa
LISTO;T 078;DAISA;catalogador-v2-43cd103dcd21e378.png;DAISA;E241:E247;tapa
LISTO;T 100;DAISA;catalogador-v2-43cd103dcd21e378.png;DAISA;E241:E247;tapa
LISTO;T 110;DAISA;catalogador-v2-43cd103dcd21e378.png;DAISA;E241:E247;tapa
LISTO;T 112;DAISA;catalogador-v2-43cd103dcd21e378.png;DAISA;E241:E247;tapa
LISTO;T 200;DAISA;catalogador-v2-43cd103dcd21e378.png;DAISA;E241:E247;tapa
LISTO;TAPA 010;DAISA;catalogador-v2-ac7b53ea89f19000.jpg;DAISA;E257:E263;tapa ciega
LISTO;TAPA 034;DAISA;catalogador-v2-ac7b53ea89f19000.jpg;DAISA;E257:E263;tapa ciega
LISTO;TAPA 078;DAISA;catalogador-v2-ac7b53ea89f19000.jpg;DAISA;E257:E263;tapa ciega
LISTO;TAPA 100;DAISA;catalogador-v2-ac7b53ea89f19000.jpg;DAISA;E257:E263;tapa ciega
LISTO;TAPA 110;DAISA;catalogador-v2-ac7b53ea89f19000.jpg;DAISA;E257:E263;tapa ciega
LISTO;TAPA 112;DAISA;catalogador-v2-ac7b53ea89f19000.jpg;DAISA;E257:E263;tapa ciega
LISTO;TAPA 200;DAISA;catalogador-v2-ac7b53ea89f19000.jpg;DAISA;E257:E263;tapa ciega
AMBIGUO;TBR-100-50;Zoloda;catalogador-v2-38d0178fa7067b22.png;ZOLODA Cablecanal;F16:G42;accesorio ckd
AMBIGUO;TBR-100-50;Zoloda;catalogador-v2-88885e484388a80b.png;ZOLODA Cablecanal;E23:E34;accesorio ckd
LISTO;TCA 100;Argeflex;catalogador-v2-5f52c8d2f2e8dcb3.png;ARGEFLEX;E186:E194;tuerca
LISTO;TCA 125;Argeflex;catalogador-v2-5f52c8d2f2e8dcb3.png;ARGEFLEX;E186:E194;tuerca
LISTO;TCA 150;Argeflex;catalogador-v2-5f52c8d2f2e8dcb3.png;ARGEFLEX;E186:E194;tuerca
LISTO;TCA 200;Argeflex;catalogador-v2-5f52c8d2f2e8dcb3.png;ARGEFLEX;E186:E194;tuerca
LISTO;TCA 250;Argeflex;catalogador-v2-5f52c8d2f2e8dcb3.png;ARGEFLEX;E186:E194;tuerca
LISTO;TCA 300;Argeflex;catalogador-v2-5f52c8d2f2e8dcb3.png;ARGEFLEX;E186:E194;tuerca
LISTO;TCA 400;Argeflex;catalogador-v2-5f52c8d2f2e8dcb3.png;ARGEFLEX;E186:E194;tuerca
LISTO;TCA 50;Argeflex;catalogador-v2-5f52c8d2f2e8dcb3.png;ARGEFLEX;E186:E194;tuerca
LISTO;TCA 75;Argeflex;catalogador-v2-5f52c8d2f2e8dcb3.png;ARGEFLEX;E186:E194;tuerca
AMBIGUO;TE-100-50-BL;Zoloda;catalogador-v2-38d0178fa7067b22.png;ZOLODA Cablecanal;F16:G42;accesorio ckd
AMBIGUO;TE-100-50-BL;Zoloda;catalogador-v2-88885e484388a80b.png;ZOLODA Cablecanal;E23:E34;accesorio ckd
LISTO;TFB 120;LCT;catalogador-v2-858ad6892e59e808.png;LCT;filas 267:276;terminal bimetálico forjado
LISTO;TFB 150;LCT;catalogador-v2-858ad6892e59e808.png;LCT;filas 267:276;terminal bimetálico forjado
LISTO;TFB 16;LCT;catalogador-v2-858ad6892e59e808.png;LCT;filas 267:276;terminal bimetálico forjado
LISTO;TFB 185;LCT;catalogador-v2-858ad6892e59e808.png;LCT;filas 267:276;terminal bimetálico forjado
LISTO;TFB 240;LCT;catalogador-v2-858ad6892e59e808.png;LCT;filas 267:276;terminal bimetálico forjado
LISTO;TFB 25;LCT;catalogador-v2-858ad6892e59e808.png;LCT;filas 267:276;terminal bimetálico forjado
LISTO;TFB 35;LCT;catalogador-v2-858ad6892e59e808.png;LCT;filas 267:276;terminal bimetálico forjado
LISTO;TFB 50;LCT;catalogador-v2-858ad6892e59e808.png;LCT;filas 267:276;terminal bimetálico forjado
LISTO;TFB 70;LCT;catalogador-v2-858ad6892e59e808.png;LCT;filas 267:276;terminal bimetálico forjado
LISTO;TFB 95;LCT;catalogador-v2-858ad6892e59e808.png;LCT;filas 267:276;terminal bimetálico forjado
LISTO;TIL 120;LCT;catalogador-v2-b350d3f003707bff.png;LCT;filas 123:131;terminal un orificio
LISTO;TIL 150;LCT;catalogador-v2-b350d3f003707bff.png;LCT;filas 123:131;terminal un orificio
LISTO;TIL 185;LCT;catalogador-v2-b350d3f003707bff.png;LCT;filas 123:131;terminal un orificio
LISTO;TIL 240;LCT;catalogador-v2-b350d3f003707bff.png;LCT;filas 123:131;terminal un orificio
LISTO;TIL 300;LCT;catalogador-v2-b350d3f003707bff.png;LCT;filas 123:131;terminal un orificio
LISTO;TIL 35;LCT;catalogador-v2-b350d3f003707bff.png;LCT;filas 123:131;terminal un orificio
LISTO;TIL 50;LCT;catalogador-v2-b350d3f003707bff.png;LCT;filas 123:131;terminal un orificio
LISTO;TIL 70;LCT;catalogador-v2-b350d3f003707bff.png;LCT;filas 123:131;terminal un orificio
LISTO;TIL 95;LCT;catalogador-v2-b350d3f003707bff.png;LCT;filas 123:131;terminal un orificio
LISTO;TK-080-25-BL;Zoloda;catalogador-v2-88885e484388a80b.png;ZOLODA Cablecanal;E12:E21;accesorio ckd
LISTO;TKN-BL;Zoloda;catalogador-v2-88885e484388a80b.png;ZOLODA Cablecanal;E12:E21 | E4:E10;accesorio ckd
LISTO;TR 012;DAISA;catalogador-v2-424e5200ae4c0c14.jpg;DAISA;E250:E254;tapa redonda
LISTO;TR 034;DAISA;catalogador-v2-424e5200ae4c0c14.jpg;DAISA;E250:E254;tapa redonda
LISTO;TR 100;DAISA;catalogador-v2-424e5200ae4c0c14.jpg;DAISA;E250:E254;tapa redonda
LISTO;TR 112;DAISA;catalogador-v2-424e5200ae4c0c14.jpg;DAISA;E250:E254;tapa redonda
LISTO;TR 200;DAISA;catalogador-v2-424e5200ae4c0c14.jpg;DAISA;E250:E254;tapa redonda
LISTO;TR16ED;Sistelectric;catalogador-v2-64214a895e9d90d6.png;SISTELECTRIC;E74:E80;tubo rígido ED
LISTO;TR16SD;Sistelectric;catalogador-v2-437d3b14d7fe48db.png;SISTELECTRIC;E82:E88;tubo rígido SD
LISTO;TR20ED;Sistelectric;catalogador-v2-64214a895e9d90d6.png;SISTELECTRIC;E74:E80;tubo rígido ED
LISTO;TR20HD;Sistelectric;catalogador-v2-a02c690eddd4f14b.png;SISTELECTRIC;E66:E71;tubo rígido HD
LISTO;TR20HDX;Sistelectric;catalogador-v2-98ee3ee1dd73468b.png;SISTELECTRIC;E4:E9;tubo rígido HDX
LISTO;TR20SD;Sistelectric;catalogador-v2-437d3b14d7fe48db.png;SISTELECTRIC;E82:E88;tubo rígido SD
LISTO;TR22ED;Sistelectric;catalogador-v2-64214a895e9d90d6.png;SISTELECTRIC;E74:E80;tubo rígido ED
LISTO;TR22HD;Sistelectric;catalogador-v2-a02c690eddd4f14b.png;SISTELECTRIC;E66:E71;tubo rígido HD
LISTO;TR22HDX;Sistelectric;catalogador-v2-98ee3ee1dd73468b.png;SISTELECTRIC;E4:E9;tubo rígido HDX
LISTO;TR22SD;Sistelectric;catalogador-v2-437d3b14d7fe48db.png;SISTELECTRIC;E82:E88;tubo rígido SD
LISTO;TR25ED;Sistelectric;catalogador-v2-64214a895e9d90d6.png;SISTELECTRIC;E74:E80;tubo rígido ED
LISTO;TR25HD;Sistelectric;catalogador-v2-a02c690eddd4f14b.png;SISTELECTRIC;E66:E71;tubo rígido HD
LISTO;TR25HDX;Sistelectric;catalogador-v2-98ee3ee1dd73468b.png;SISTELECTRIC;E4:E9;tubo rígido HDX
LISTO;TR25SD;Sistelectric;catalogador-v2-437d3b14d7fe48db.png;SISTELECTRIC;E82:E88;tubo rígido SD
LISTO;TR32ED;Sistelectric;catalogador-v2-64214a895e9d90d6.png;SISTELECTRIC;E74:E80;tubo rígido ED
LISTO;TR32HD;Sistelectric;catalogador-v2-a02c690eddd4f14b.png;SISTELECTRIC;E66:E71;tubo rígido HD
LISTO;TR32HDX;Sistelectric;catalogador-v2-98ee3ee1dd73468b.png;SISTELECTRIC;E4:E9;tubo rígido HDX
LISTO;TR32SD;Sistelectric;catalogador-v2-437d3b14d7fe48db.png;SISTELECTRIC;E82:E88;tubo rígido SD
LISTO;TR40ED;Sistelectric;catalogador-v2-64214a895e9d90d6.png;SISTELECTRIC;E74:E80;tubo rígido ED
LISTO;TR40HD;Sistelectric;catalogador-v2-a02c690eddd4f14b.png;SISTELECTRIC;E66:E71;tubo rígido HD
LISTO;TR40HDX;Sistelectric;catalogador-v2-98ee3ee1dd73468b.png;SISTELECTRIC;E4:E9;tubo rígido HDX
LISTO;TR40SD;Sistelectric;catalogador-v2-437d3b14d7fe48db.png;SISTELECTRIC;E82:E88;tubo rígido SD
LISTO;TR50ED;Sistelectric;catalogador-v2-64214a895e9d90d6.png;SISTELECTRIC;E74:E80;tubo rígido ED
LISTO;TR50HD;Sistelectric;catalogador-v2-a02c690eddd4f14b.png;SISTELECTRIC;E66:E71;tubo rígido HD
LISTO;TR50HDX;Sistelectric;catalogador-v2-98ee3ee1dd73468b.png;SISTELECTRIC;E4:E9;tubo rígido HDX
LISTO;TR50SD;Sistelectric;catalogador-v2-437d3b14d7fe48db.png;SISTELECTRIC;E82:E88;tubo rígido SD
LISTO;TRC 012;DAISA;catalogador-v2-424e5200ae4c0c14.jpg;DAISA;E265:E269;tapa ciega redonda
LISTO;TRC 034;DAISA;catalogador-v2-424e5200ae4c0c14.jpg;DAISA;E265:E269;tapa ciega redonda
LISTO;TRC 100;DAISA;catalogador-v2-424e5200ae4c0c14.jpg;DAISA;E265:E269;tapa ciega redonda
LISTO;TRC 112;DAISA;catalogador-v2-424e5200ae4c0c14.jpg;DAISA;E265:E269;tapa ciega redonda
LISTO;TRC 200;DAISA;catalogador-v2-424e5200ae4c0c14.jpg;DAISA;E265:E269;tapa ciega redonda
LISTO;U-060-20-BL;Zoloda;catalogador-v2-88885e484388a80b.png;ZOLODA Cablecanal;E4:E10;accesorio ckd
AMBIGUO;U-080-25-BL;Zoloda;catalogador-v2-38d0178fa7067b22.png;ZOLODA Cablecanal;F16:G42;accesorio ckd
AMBIGUO;U-080-25-BL;Zoloda;catalogador-v2-88885e484388a80b.png;ZOLODA Cablecanal;E12:E21;accesorio ckd
AMBIGUO;U-100-50-BL;Zoloda;catalogador-v2-38d0178fa7067b22.png;ZOLODA Cablecanal;F16:G42;accesorio ckd
AMBIGUO;U-100-50-BL;Zoloda;catalogador-v2-88885e484388a80b.png;ZOLODA Cablecanal;E23:E34;accesorio ckd
LISTO;UC 010 L;DAISA;catalogador-v2-e87758932749cc5a.png;DAISA;E118:E136;conector standard
LISTO;UC 034 L;DAISA;catalogador-v2-e87758932749cc5a.png;DAISA;E118:E136;conector standard
LISTO;UC 078 L;DAISA;catalogador-v2-e87758932749cc5a.png;DAISA;E118:E136;conector standard
LISTO;UC 100 L;DAISA;catalogador-v2-e87758932749cc5a.png;DAISA;E118:E136;conector standard
LISTO;UC 110 L;DAISA;catalogador-v2-e87758932749cc5a.png;DAISA;E118:E136;conector standard
LISTO;UC 112 L;DAISA;catalogador-v2-e87758932749cc5a.png;DAISA;E118:E136;conector standard
LISTO;UC 200 L;DAISA;catalogador-v2-e87758932749cc5a.png;DAISA;E118:E136;conector standard
LISTO;UCC 120;LCT;catalogador-v2-2c5f74674b5c91c6.png;LCT;filas 188:197;unión
LISTO;UCC 150;LCT;catalogador-v2-2c5f74674b5c91c6.png;LCT;filas 188:197;unión
LISTO;UCC 16;LCT;catalogador-v2-2c5f74674b5c91c6.png;LCT;filas 188:197;unión
LISTO;UCC 185;LCT;catalogador-v2-2c5f74674b5c91c6.png;LCT;filas 188:197;unión
LISTO;UCC 240;LCT;catalogador-v2-2c5f74674b5c91c6.png;LCT;filas 188:197;unión
LISTO;UCC 25;LCT;catalogador-v2-2c5f74674b5c91c6.png;LCT;filas 188:197;unión
LISTO;UCC 35;LCT;catalogador-v2-2c5f74674b5c91c6.png;LCT;filas 188:197;unión
LISTO;UCC 50;LCT;catalogador-v2-2c5f74674b5c91c6.png;LCT;filas 188:197;unión
LISTO;UCC 70;LCT;catalogador-v2-2c5f74674b5c91c6.png;LCT;filas 188:197;unión
LISTO;UCC 95;LCT;catalogador-v2-2c5f74674b5c91c6.png;LCT;filas 188:197;unión
LISTO;UCC-L 120;LCT;catalogador-v2-7aa486dc8b74852e.png;LCT;filas 207:216;unión larga
LISTO;UCC-L 150;LCT;catalogador-v2-7aa486dc8b74852e.png;LCT;filas 207:216;unión larga
LISTO;UCC-L 185;LCT;catalogador-v2-7aa486dc8b74852e.png;LCT;filas 207:216;unión larga
LISTO;UCC-L 240;LCT;catalogador-v2-7aa486dc8b74852e.png;LCT;filas 207:216;unión larga
LISTO;UCC-L 25;LCT;catalogador-v2-7aa486dc8b74852e.png;LCT;filas 207:216;unión larga
LISTO;UCC-L 300;LCT;catalogador-v2-7aa486dc8b74852e.png;LCT;filas 207:216;unión larga
LISTO;UCC-L 35;LCT;catalogador-v2-7aa486dc8b74852e.png;LCT;filas 207:216;unión larga
LISTO;UCC-L 50;LCT;catalogador-v2-7aa486dc8b74852e.png;LCT;filas 207:216;unión larga
LISTO;UCC-L 70;LCT;catalogador-v2-7aa486dc8b74852e.png;LCT;filas 207:216;unión larga
LISTO;UCC-L 95;LCT;catalogador-v2-7aa486dc8b74852e.png;LCT;filas 207:216;unión larga
LISTO;UCT 012 D;DAISA;catalogador-v2-e87758932749cc5a.png;DAISA;E118:E136;conector standard
LISTO;UCT 034 D;DAISA;catalogador-v2-e87758932749cc5a.png;DAISA;E118:E136;conector standard
LISTO;UCT 034 L;DAISA;catalogador-v2-e87758932749cc5a.png;DAISA;E118:E136;conector standard
LISTO;UCT 078 L;DAISA;catalogador-v2-e87758932749cc5a.png;DAISA;E118:E136;conector standard
LISTO;UCT 100 D;DAISA;catalogador-v2-e87758932749cc5a.png;DAISA;E118:E136;conector standard
LISTO;UCT 100 L;DAISA;catalogador-v2-e87758932749cc5a.png;DAISA;E118:E136;conector standard
LISTO;UCT 110 D;DAISA;catalogador-v2-e87758932749cc5a.png;DAISA;E118:E136;conector standard
LISTO;UCT 110 L;DAISA;catalogador-v2-e87758932749cc5a.png;DAISA;E118:E136;conector standard
LISTO;UCT 112 D;DAISA;catalogador-v2-e87758932749cc5a.png;DAISA;E118:E136;conector standard
LISTO;UCT 112 L;DAISA;catalogador-v2-e87758932749cc5a.png;DAISA;E118:E136;conector standard
LISTO;UCT 200 D;DAISA;catalogador-v2-e87758932749cc5a.png;DAISA;E118:E136;conector standard
LISTO;UCT 200 L;DAISA;catalogador-v2-e87758932749cc5a.png;DAISA;E118:E136;conector standard
LISTO;UL 010 L;DAISA;catalogador-v2-f40ba49a60c0ade6.png;DAISA;E160:E169;codo con registro
LISTO;UL 034 L;DAISA;catalogador-v2-f40ba49a60c0ade6.png;DAISA;E160:E169;codo con registro
LISTO;UL 078 L;DAISA;catalogador-v2-f40ba49a60c0ade6.png;DAISA;E160:E169;codo con registro
LISTO;UL 100 L;DAISA;catalogador-v2-f40ba49a60c0ade6.png;DAISA;E160:E169;codo con registro
LISTO;UL 110 L;DAISA;catalogador-v2-f40ba49a60c0ade6.png;DAISA;E160:E169;codo con registro
LISTO;ULT 010 L;DAISA;catalogador-v2-f40ba49a60c0ade6.png;DAISA;E160:E169;codo con registro
LISTO;ULT 034 L;DAISA;catalogador-v2-f40ba49a60c0ade6.png;DAISA;E160:E169;codo con registro
LISTO;ULT 078 L;DAISA;catalogador-v2-f40ba49a60c0ade6.png;DAISA;E160:E169;codo con registro
LISTO;ULT 100 L;DAISA;catalogador-v2-f40ba49a60c0ade6.png;DAISA;E160:E169;codo con registro
LISTO;ULT 110 L;DAISA;catalogador-v2-f40ba49a60c0ade6.png;DAISA;E160:E169;codo con registro
LISTO;UM 010 L;DAISA;catalogador-v2-65150f700d501e07.png;DAISA;E97:E105;conector múltiple
LISTO;UM 034 L;DAISA;catalogador-v2-65150f700d501e07.png;DAISA;E97:E105;conector múltiple
LISTO;UM 078 L;DAISA;catalogador-v2-65150f700d501e07.png;DAISA;E97:E105;conector múltiple
LISTO;UM 100 L;DAISA;catalogador-v2-65150f700d501e07.png;DAISA;E97:E105;conector múltiple
LISTO;UM 110 L;DAISA;catalogador-v2-65150f700d501e07.png;DAISA;E106:E115;conector múltiple
LISTO;UM 112 L;DAISA;catalogador-v2-65150f700d501e07.png;DAISA;E106:E115;conector múltiple
LISTO;UM 200 L;DAISA;catalogador-v2-65150f700d501e07.png;DAISA;E106:E115;conector múltiple
LISTO;UMT 012 D;DAISA;catalogador-v2-65150f700d501e07.png;DAISA;E97:E105;conector múltiple
LISTO;UMT 034 D;DAISA;catalogador-v2-65150f700d501e07.png;DAISA;E97:E105;conector múltiple
LISTO;UMT 034 L;DAISA;catalogador-v2-65150f700d501e07.png;DAISA;E97:E105;conector múltiple
LISTO;UMT 078 L;DAISA;catalogador-v2-65150f700d501e07.png;DAISA;E97:E105;conector múltiple
LISTO;UMT 100 D;DAISA;catalogador-v2-65150f700d501e07.png;DAISA;E106:E115;conector múltiple
LISTO;UMT 100 L;DAISA;catalogador-v2-65150f700d501e07.png;DAISA;E97:E105;conector múltiple
LISTO;UMT 110 D;DAISA;catalogador-v2-65150f700d501e07.png;DAISA;E106:E115;conector múltiple
LISTO;UMT 110 L;DAISA;catalogador-v2-65150f700d501e07.png;DAISA;E106:E115;conector múltiple
LISTO;UMT 112 D;DAISA;catalogador-v2-65150f700d501e07.png;DAISA;E106:E115;conector múltiple
LISTO;UMT 112 L;DAISA;catalogador-v2-65150f700d501e07.png;DAISA;E106:E115;conector múltiple
LISTO;UMT 200 D;DAISA;catalogador-v2-65150f700d501e07.png;DAISA;E106:E115;conector múltiple
LISTO;UMT 200 L;DAISA;catalogador-v2-65150f700d501e07.png;DAISA;E106:E115;conector múltiple
LISTO;UR 010 L;DAISA;catalogador-v2-58f593540ed22c56.jpg;DAISA;E139:E157;cupla unión
LISTO;UR 034 L;DAISA;catalogador-v2-58f593540ed22c56.jpg;DAISA;E139:E157;cupla unión
LISTO;UR 078 L;DAISA;catalogador-v2-58f593540ed22c56.jpg;DAISA;E139:E157;cupla unión
LISTO;UR 100 L;DAISA;catalogador-v2-58f593540ed22c56.jpg;DAISA;E139:E157;cupla unión
LISTO;UR 110 L;DAISA;catalogador-v2-58f593540ed22c56.jpg;DAISA;E139:E157;cupla unión
LISTO;UR 112 L;DAISA;catalogador-v2-58f593540ed22c56.jpg;DAISA;E139:E157;cupla unión
LISTO;UR 200 L;DAISA;catalogador-v2-58f593540ed22c56.jpg;DAISA;E139:E157;cupla unión
LISTO;URT 012 D;DAISA;catalogador-v2-58f593540ed22c56.jpg;DAISA;E139:E157;cupla unión
LISTO;URT 034 D;DAISA;catalogador-v2-58f593540ed22c56.jpg;DAISA;E139:E157;cupla unión
LISTO;URT 034 L;DAISA;catalogador-v2-58f593540ed22c56.jpg;DAISA;E139:E157;cupla unión
LISTO;URT 078 L;DAISA;catalogador-v2-58f593540ed22c56.jpg;DAISA;E139:E157;cupla unión
LISTO;URT 100 D;DAISA;catalogador-v2-58f593540ed22c56.jpg;DAISA;E139:E157;cupla unión
LISTO;URT 100 L;DAISA;catalogador-v2-58f593540ed22c56.jpg;DAISA;E139:E157;cupla unión
LISTO;URT 110 D;DAISA;catalogador-v2-58f593540ed22c56.jpg;DAISA;E139:E157;cupla unión
LISTO;URT 110 L;DAISA;catalogador-v2-58f593540ed22c56.jpg;DAISA;E139:E157;cupla unión
LISTO;URT 112 D;DAISA;catalogador-v2-58f593540ed22c56.jpg;DAISA;E139:E157;cupla unión
LISTO;URT 112 L;DAISA;catalogador-v2-58f593540ed22c56.jpg;DAISA;E139:E157;cupla unión
LISTO;URT 200 D;DAISA;catalogador-v2-58f593540ed22c56.jpg;DAISA;E139:E157;cupla unión
LISTO;URT 200 L;DAISA;catalogador-v2-58f593540ed22c56.jpg;DAISA;E139:E157;cupla unión
LISTO;UTR20;Sistelectric;catalogador-v2-81b2ca53191e3377.jpg;SISTELECTRIC;E134:E139;accesorio estándar
LISTO;UTR20HDX;Sistelectric;catalogador-v2-81b2ca53191e3377.jpg;SISTELECTRIC;E25:E30;accesorio hdx
LISTO;UTR22;Sistelectric;catalogador-v2-81b2ca53191e3377.jpg;SISTELECTRIC;E134:E139;accesorio estándar
LISTO;UTR22HDX;Sistelectric;catalogador-v2-81b2ca53191e3377.jpg;SISTELECTRIC;E25:E30;accesorio hdx
LISTO;UTR25;Sistelectric;catalogador-v2-81b2ca53191e3377.jpg;SISTELECTRIC;E134:E139;accesorio estándar
LISTO;UTR25HDX;Sistelectric;catalogador-v2-81b2ca53191e3377.jpg;SISTELECTRIC;E25:E30;accesorio hdx
LISTO;UTR32;Sistelectric;catalogador-v2-81b2ca53191e3377.jpg;SISTELECTRIC;E134:E139;accesorio estándar
LISTO;UTR32HDX;Sistelectric;catalogador-v2-81b2ca53191e3377.jpg;SISTELECTRIC;E25:E30;accesorio hdx
LISTO;UTR40;Sistelectric;catalogador-v2-81b2ca53191e3377.jpg;SISTELECTRIC;E134:E139;accesorio estándar
LISTO;UTR40HDX;Sistelectric;catalogador-v2-81b2ca53191e3377.jpg;SISTELECTRIC;E25:E30;accesorio hdx
LISTO;UTR50;Sistelectric;catalogador-v2-81b2ca53191e3377.jpg;SISTELECTRIC;E134:E139;accesorio estándar
LISTO;UTR50HDX;Sistelectric;catalogador-v2-81b2ca53191e3377.jpg;SISTELECTRIC;E25:E30;accesorio hdx
LISTO;VTR20;Sistelectric;catalogador-v2-271c4513c2fd9975.jpg;SISTELECTRIC;E126:E131;accesorio estándar
LISTO;VTR20HDX;Sistelectric;catalogador-v2-271c4513c2fd9975.jpg;SISTELECTRIC;E18:E23;accesorio hdx
LISTO;VTR22;Sistelectric;catalogador-v2-271c4513c2fd9975.jpg;SISTELECTRIC;E126:E131;accesorio estándar
LISTO;VTR22HDX;Sistelectric;catalogador-v2-271c4513c2fd9975.jpg;SISTELECTRIC;E18:E23;accesorio hdx
LISTO;VTR25;Sistelectric;catalogador-v2-271c4513c2fd9975.jpg;SISTELECTRIC;E126:E131;accesorio estándar
LISTO;VTR25HDX;Sistelectric;catalogador-v2-271c4513c2fd9975.jpg;SISTELECTRIC;E18:E23;accesorio hdx
LISTO;VTR32;Sistelectric;catalogador-v2-271c4513c2fd9975.jpg;SISTELECTRIC;E126:E131;accesorio estándar
LISTO;VTR32HDX;Sistelectric;catalogador-v2-271c4513c2fd9975.jpg;SISTELECTRIC;E18:E23;accesorio hdx
LISTO;VTR40;Sistelectric;catalogador-v2-271c4513c2fd9975.jpg;SISTELECTRIC;E126:E131;accesorio estándar
LISTO;VTR40HDX;Sistelectric;catalogador-v2-271c4513c2fd9975.jpg;SISTELECTRIC;E18:E23;accesorio hdx
LISTO;VTR50;Sistelectric;catalogador-v2-271c4513c2fd9975.jpg;SISTELECTRIC;E126:E131;accesorio estándar
LISTO;VTR50HDX;Sistelectric;catalogador-v2-271c4513c2fd9975.jpg;SISTELECTRIC;E18:E23;accesorio hdx
